date,rainfall
01-01-2010,2.9
02-01-2010,10.2
03-01-2010,0.9
04-01-2010,48.6
05-01-2010,9.6
06-01-2010,0.0
07-01-2010,29.0
08-01-2010,17.1
09-01-2010,0.0
10-01-2010,0.0
11-01-2010,0.0
12-01-2010,0.0
13-01-2010,8.4
14-01-2010,5.0
15-01-2010,7.0
16-01-2010,8.0
17-01-2010,0.1
18-01-2010,2.6
19-01-2010,0.0
20-01-2010,2.7
21-01-2010,0.0
22-01-2010,0.0
23-01-2010,0.0
24-01-2010,0.8
25-01-2010,4.0
26-01-2010,0.0
27-01-2010,1.0
28-01-2010,20.0
29-01-2010,31.4
30-01-2010,1.2
31-01-2010,3.7
01-02-2010,0.0
02-02-2010,15.1
03-02-2010,0.0
04-02-2010,0.0
05-02-2010,55.2
06-02-2010,0.0
07-02-2010,0.0
08-02-2010,0.0
09-02-2010,25.1
10-02-2010,0.0
11-02-2010,50.9
12-02-2010,3.3
13-02-2010,7.4
14-02-2010,0.9
15-02-2010,15.0
16-02-2010,3.4
17-02-2010,1.3
18-02-2010,6.3
19-02-2010,190.0
20-02-2010,3.6
21-02-2010,0.0
22-02-2010,0.0
23-02-2010,0.0
24-02-2010,78.0
25-02-2010,0.0
26-02-2010,0.0
27-02-2010,0.0
28-02-2010,0.0
01-03-2010,2.0
02-03-2010,0.0
03-03-2010,0.0
04-03-2010,35.7
05-03-2010,0.1
06-03-2010,0.0
07-03-2010,0.0
08-03-2010,10.0
09-03-2010,1.4
10-03-2010,10.0
11-03-2010,19.5
12-03-2010,0.2
13-03-2010,24.0
14-03-2010,15.2
15-03-2010,35.9
16-03-2010,21.9
17-03-2010,0.0
18-03-2010,0.0
19-03-2010,0.0
20-03-2010,60.0
21-03-2010,0.0
22-03-2010,4.8
23-03-2010,19.7
24-03-2010,8.9
25-03-2010,0.0
26-03-2010,0.0
27-03-2010,17.9
28-03-2010,10.0
29-03-2010,0.0
30-03-2010,19.9
31-03-2010,0.0
01-04-2010,0.0
02-04-2010,2.9
03-04-2010,7.7
04-04-2010,0.0
05-04-2010,3.8
06-04-2010,1.9
07-04-2010,8.1
08-04-2010,17.2
09-04-2010,1.4
10-04-2010,0.0
11-04-2010,0.0
12-04-2010,0.0
13-04-2010,1.9
14-04-2010,0.0
15-04-2010,0.1
16-04-2010,20.4
17-04-2010,0.0
18-04-2010,39.9
19-04-2010,29.7
20-04-2010,1.0
21-04-2010,0.0
22-04-2010,0.0
23-04-2010,0.2
24-04-2010,39.9
25-04-2010,0.0
26-04-2010,35.0
27-04-2010,2.9
28-04-2010,31.0
29-04-2010,0.0
30-04-2010,0.0
01-05-2010,70.0
02-05-2010,19.9
03-05-2010,0.0
04-05-2010,54.1
05-05-2010,0.0
06-05-2010,0.0
07-05-2010,0.0
08-05-2010,0.0
09-05-2010,5.2
10-05-2010,0.2
11-05-2010,0.9
12-05-2010,1.4
13-05-2010,0.9
14-05-2010,0.0
15-05-2010,0.5
16-05-2010,0.1
17-05-2010,0.0
18-05-2010,59.8
19-05-2010,1.8
20-05-2010,25.0
21-05-2010,2.2
22-05-2010,8.1
23-05-2010,0.0
24-05-2010,1.6
25-05-2010,0.0
26-05-2010,7.7
27-05-2010,0.0
28-05-2010,0.0
29-05-2010,0.3
30-05-2010,10.0
31-05-2010,6.4
01-06-2010,2.0
02-06-2010,9.8
03-06-2010,0.0
04-06-2010,7.6
05-06-2010,10.3
06-06-2010,0.0
07-06-2010,0.9
08-06-2010,15.6
09-06-2010,6.5
10-06-2010,0.0
11-06-2010,0.0
12-06-2010,4.7
13-06-2010,4.0
14-06-2010,1.9
15-06-2010,20.0
16-06-2010,6.0
17-06-2010,0.0
18-06-2010,0.0
19-06-2010,0.0
20-06-2010,2.8
21-06-2010,0.0
22-06-2010,0.0
23-06-2010,51.4
24-06-2010,24.6
25-06-2010,0.0
26-06-2010,0.0
27-06-2010,18.1
28-06-2010,38.0
29-06-2010,10.0
30-06-2010,0.0
01-07-2010,38.4
02-07-2010,4.2
03-07-2010,48.8
04-07-2010,19.8
05-07-2010,8.1
06-07-2010,0.0
07-07-2010,0.0
08-07-2010,0.7
09-07-2010,0.4
10-07-2010,0.0
11-07-2010,7.8
12-07-2010,10.5
13-07-2010,4.5
14-07-2010,0.0
15-07-2010,0.0
16-07-2010,7.9
17-07-2010,39.9
18-07-2010,16.3
19-07-2010,53.0
20-07-2010,5.8
21-07-2010,1.2
22-07-2010,68.0
23-07-2010,46.2
24-07-2010,0.0
25-07-2010,4.1
26-07-2010,20.0
27-07-2010,1.2
28-07-2010,53.4
29-07-2010,14.6
30-07-2010,0.0
31-07-2010,66.4
01-08-2010,4.2
02-08-2010,11.6
03-08-2010,0.8
04-08-2010,70.3
05-08-2010,0.0
06-08-2010,0.0
07-08-2010,40.2
08-08-2010,0.3
09-08-2010,2.9
10-08-2010,0.0
11-08-2010,0.0
12-08-2010,6.4
13-08-2010,0.0
14-08-2010,60.0
15-08-2010,36.9
16-08-2010,7.1
17-08-2010,0.1
18-08-2010,33.1
19-08-2010,9.0
20-08-2010,12.9
21-08-2010,5.6
22-08-2010,0.0
23-08-2010,1.3
24-08-2010,0.0
25-08-2010,2.3
26-08-2010,0.0
27-08-2010,30.0
28-08-2010,0.0
29-08-2010,12.0
30-08-2010,0.0
31-08-2010,0.0
01-09-2010,7.4
02-09-2010,10.0
03-09-2010,16.5
04-09-2010,20.8
05-09-2010,47.0
06-09-2010,0.0
07-09-2010,0.0
08-09-2010,1.0
09-09-2010,30.0
10-09-2010,0.4
11-09-2010,0.0
12-09-2010,0.4
13-09-2010,0.0
14-09-2010,66.6
15-09-2010,1.8
16-09-2010,5.2
17-09-2010,0.0
18-09-2010,30.5
19-09-2010,16.0
20-09-2010,0.0
21-09-2010,8.8
22-09-2010,3.5
23-09-2010,19.9
24-09-2010,1.6
25-09-2010,9.4
26-09-2010,60.0
27-09-2010,1.3
28-09-2010,3.4
29-09-2010,11.1
30-09-2010,0.3
01-10-2010,51.6
02-10-2010,0.0
03-10-2010,89.9
04-10-2010,9.6
05-10-2010,6.8
06-10-2010,43.8
07-10-2010,24.0
08-10-2010,0.2
09-10-2010,0.0
10-10-2010,5.0
11-10-2010,0.0
12-10-2010,10.0
13-10-2010,2.3
14-10-2010,0.0
15-10-2010,0.0
16-10-2010,0.0
17-10-2010,6.4
18-10-2010,0.0
19-10-2010,0.5
20-10-2010,15.8
21-10-2010,0.0
22-10-2010,0.0
23-10-2010,10.0
24-10-2010,26.2
25-10-2010,0.5
26-10-2010,8.8
27-10-2010,11.1
28-10-2010,4.1
29-10-2010,0.0
30-10-2010,0.0
31-10-2010,0.1
01-11-2010,8.2
02-11-2010,12.5
03-11-2010,0.0
04-11-2010,27.8
05-11-2010,11.0
06-11-2010,3.2
07-11-2010,7.4
08-11-2010,0.2
09-11-2010,4.0
10-11-2010,48.8
11-11-2010,2.8
12-11-2010,3.5
13-11-2010,2.8
14-11-2010,0.4
15-11-2010,0.0
16-11-2010,13.4
17-11-2010,8.5
18-11-2010,1.4
19-11-2010,4.5
20-11-2010,19.8
21-11-2010,0.0
22-11-2010,0.0
23-11-2010,0.0
24-11-2010,0.0
25-11-2010,0.0
26-11-2010,92.5
27-11-2010,0.0
28-11-2010,0.0
29-11-2010,4.6
30-11-2010,40.0
01-12-2010,1.7
02-12-2010,1.0
03-12-2010,99.2
04-12-2010,31.8
05-12-2010,0.6
06-12-2010,0.9
07-12-2010,0.0
08-12-2010,15.8
09-12-2010,0.0
10-12-2010,3.2
11-12-2010,30.0
12-12-2010,4.8
13-12-2010,9.0
14-12-2010,0.0
15-12-2010,5.7
16-12-2010,42.6
17-12-2010,0.0
18-12-2010,0.0
19-12-2010,0.0
20-12-2010,0.0
21-12-2010,38.8
22-12-2010,38.4
23-12-2010,0.0
24-12-2010,0.0
25-12-2010,6.7
26-12-2010,16.2
27-12-2010,20.9
28-12-2010,24.7
29-12-2010,5.3
30-12-2010,6.8
31-12-2010,0.8
01-01-2011,0.0
02-01-2011,4.5
03-01-2011,0.0
04-01-2011,49.9
05-01-2011,0.0
06-01-2011,10.0
07-01-2011,0.2
08-01-2011,0.0
09-01-2011,0.0
10-01-2011,4.4
11-01-2011,4.0
12-01-2011,2.0
13-01-2011,9.0
14-01-2011,3.7
15-01-2011,4.3
16-01-2011,0.0
17-01-2011,0.0
18-01-2011,0.0
19-01-2011,0.0
20-01-2011,0.0
21-01-2011,0.0
22-01-2011,10.8
23-01-2011,8.2
24-01-2011,0.2
25-01-2011,3.2
26-01-2011,16.1
27-01-2011,0.3
28-01-2011,0.1
29-01-2011,67.4
30-01-2011,27.0
31-01-2011,44.6
01-02-2011,0.0
02-02-2011,0.0
03-02-2011,0.5
04-02-2011,3.5
05-02-2011,29.2
06-02-2011,29.2
07-02-2011,0.0
08-02-2011,0.0
09-02-2011,0.0
10-02-2011,0.0
11-02-2011,2.7
12-02-2011,0.0
13-02-2011,0.0
14-02-2011,0.0
15-02-2011,69.4
16-02-2011,0.2
17-02-2011,0.0
18-02-2011,0.0
19-02-2011,36.0
20-02-2011,7.6
21-02-2011,0.0
22-02-2011,0.0
23-02-2011,0.0
24-02-2011,0.0
25-02-2011,0.0
26-02-2011,0.0
27-02-2011,0.2
28-02-2011,1.9
01-03-2011,0.0
02-03-2011,1.0
03-03-2011,20.0
04-03-2011,0.0
05-03-2011,0.0
06-03-2011,0.0
07-03-2011,0.0
08-03-2011,7.0
09-03-2011,8.4
10-03-2011,46.1
11-03-2011,24.0
12-03-2011,10.0
13-03-2011,7.4
14-03-2011,30.0
15-03-2011,0.1
16-03-2011,0.0
17-03-2011,1.0
18-03-2011,0.9
19-03-2011,5.3
20-03-2011,12.8
21-03-2011,0.9
22-03-2011,30.1
23-03-2011,0.0
24-03-2011,0.6
25-03-2011,1.1
26-03-2011,11.1
27-03-2011,0.0
28-03-2011,0.0
29-03-2011,0.0
30-03-2011,0.0
31-03-2011,0.0
01-04-2011,0.0
02-04-2011,5.8
03-04-2011,4.9
04-04-2011,4.2
05-04-2011,10.5
06-04-2011,6.1
07-04-2011,0.0
08-04-2011,0.0
09-04-2011,10.0
10-04-2011,11.0
11-04-2011,11.2
12-04-2011,0.8
13-04-2011,0.0
14-04-2011,5.0
15-04-2011,33.8
16-04-2011,1.1
17-04-2011,0.0
18-04-2011,0.0
19-04-2011,14.5
20-04-2011,28.0
21-04-2011,0.2
22-04-2011,0.0
23-04-2011,2.0
24-04-2011,1.5
25-04-2011,0.0
26-04-2011,69.7
27-04-2011,1.8
28-04-2011,0.0
29-04-2011,28.3
30-04-2011,0.0
01-05-2011,14.6
02-05-2011,0.0
03-05-2011,0.2
04-05-2011,1.0
05-05-2011,0.0
06-05-2011,4.7
07-05-2011,0.0
08-05-2011,0.0
09-05-2011,0.0
10-05-2011,0.0
11-05-2011,0.0
12-05-2011,19.6
13-05-2011,35.5
14-05-2011,8.4
15-05-2011,0.0
16-05-2011,6.3
17-05-2011,12.6
18-05-2011,1.2
19-05-2011,39.6
20-05-2011,0.1
21-05-2011,3.6
22-05-2011,2.6
23-05-2011,0.0
24-05-2011,0.0
25-05-2011,0.1
26-05-2011,0.1
27-05-2011,5.8
28-05-2011,4.0
29-05-2011,5.9
30-05-2011,11.3
31-05-2011,0.2
01-06-2011,1.0
02-06-2011,0.5
03-06-2011,0.0
04-06-2011,51.5
05-06-2011,0.3
06-06-2011,4.0
07-06-2011,48.4
08-06-2011,0.1
09-06-2011,0.2
10-06-2011,0.0
11-06-2011,0.0
12-06-2011,0.0
13-06-2011,0.0
14-06-2011,0.1
15-06-2011,0.0
16-06-2011,5.7
17-06-2011,0.0
18-06-2011,0.0
19-06-2011,0.0
20-06-2011,0.0
21-06-2011,0.0
22-06-2011,0.0
23-06-2011,4.7
24-06-2011,0.0
25-06-2011,0.0
26-06-2011,1.2
27-06-2011,62.8
28-06-2011,76.1
29-06-2011,0.1
30-06-2011,0.9
01-07-2011,0.0
02-07-2011,0.0
03-07-2011,9.5
04-07-2011,0.0
05-07-2011,0.0
06-07-2011,0.0
07-07-2011,0.0
08-07-2011,0.0
09-07-2011,0.0
10-07-2011,0.0
11-07-2011,0.0
12-07-2011,0.0
13-07-2011,0.7
14-07-2011,0.0
15-07-2011,34.2
16-07-2011,0.1
17-07-2011,0.0
18-07-2011,0.0
19-07-2011,0.1
20-07-2011,0.0
21-07-2011,0.0
22-07-2011,2.0
23-07-2011,9.5
24-07-2011,0.0
25-07-2011,22.0
26-07-2011,0.0
27-07-2011,0.0
28-07-2011,0.0
29-07-2011,0.0
30-07-2011,0.0
31-07-2011,0.0
01-08-2011,0.0
02-08-2011,0.0
03-08-2011,23.8
04-08-2011,0.0
05-08-2011,0.0
06-08-2011,0.0
07-08-2011,0.0
08-08-2011,6.8
09-08-2011,0.6
10-08-2011,4.5
11-08-2011,24.6
12-08-2011,25.6
13-08-2011,1.0
14-08-2011,3.3
15-08-2011,0.0
16-08-2011,0.0
17-08-2011,77.0
18-08-2011,0.0
19-08-2011,0.0
20-08-2011,0.0
21-08-2011,0.0
22-08-2011,0.0
23-08-2011,0.0
24-08-2011,0.0
25-08-2011,0.0
26-08-2011,0.0
27-08-2011,0.0
28-08-2011,0.0
29-08-2011,1.3
30-08-2011,0.2
31-08-2011,0.0
01-09-2011,0.0
02-09-2011,31.4
03-09-2011,63.7
04-09-2011,0.0
05-09-2011,0.6
06-09-2011,3.3
07-09-2011,11.7
08-09-2011,25.9
09-09-2011,0.0
10-09-2011,0.0
11-09-2011,0.3
12-09-2011,1.0
13-09-2011,15.3
14-09-2011,6.7
15-09-2011,0.1
16-09-2011,0.0
17-09-2011,0.0
18-09-2011,0.0
19-09-2011,14.6
20-09-2011,0.2
21-09-2011,20.0
22-09-2011,0.0
23-09-2011,0.0
24-09-2011,0.0
25-09-2011,0.0
26-09-2011,0.0
27-09-2011,0.0
28-09-2011,0.0
29-09-2011,0.0
30-09-2011,0.0
01-10-2011,1.6
02-10-2011,0.4
03-10-2011,0.0
04-10-2011,12.0
05-10-2011,0.0
06-10-2011,30.8
07-10-2011,0.0
08-10-2011,9.4
09-10-2011,0.4
10-10-2011,45.5
11-10-2011,30.0
12-10-2011,0.0
13-10-2011,67.2
14-10-2011,0.0
15-10-2011,0.0
16-10-2011,0.0
17-10-2011,7.6
18-10-2011,6.0
19-10-2011,0.4
20-10-2011,31.1
21-10-2011,0.1
22-10-2011,5.0
23-10-2011,0.7
24-10-2011,4.2
25-10-2011,0.8
26-10-2011,5.7
27-10-2011,17.0
28-10-2011,21.0
29-10-2011,0.0
30-10-2011,7.7
31-10-2011,20.6
01-11-2011,2.9
02-11-2011,0.0
03-11-2011,3.0
04-11-2011,10.2
05-11-2011,0.0
06-11-2011,11.1
07-11-2011,0.0
08-11-2011,0.0
09-11-2011,13.7
10-11-2011,3.4
11-11-2011,0.0
12-11-2011,3.2
13-11-2011,0.0
14-11-2011,0.5
15-11-2011,0.0
16-11-2011,3.0
17-11-2011,3.4
18-11-2011,4.9
19-11-2011,88.9
20-11-2011,0.0
21-11-2011,0.0
22-11-2011,53.3
23-11-2011,18.0
24-11-2011,13.4
25-11-2011,0.0
26-11-2011,0.0
27-11-2011,26.2
28-11-2011,75.5
29-11-2011,41.1
30-11-2011,0.1
01-12-2011,71.6
02-12-2011,51.9
03-12-2011,24.4
04-12-2011,0.0
05-12-2011,38.2
06-12-2011,0.0
07-12-2011,0.0
08-12-2011,4.2
09-12-2011,18.0
10-12-2011,6.0
11-12-2011,0.0
12-12-2011,0.0
13-12-2011,0.0
14-12-2011,0.0
15-12-2011,7.2
16-12-2011,1.9
17-12-2011,0.0
18-12-2011,4.5
19-12-2011,1.6
20-12-2011,0.0
21-12-2011,6.5
22-12-2011,4.4
23-12-2011,2.1
24-12-2011,2.9
25-12-2011,15.7
26-12-2011,1.5
27-12-2011,27.6
28-12-2011,30.4
29-12-2011,31.0
30-12-2011,4.6
31-12-2011,0.0
01-01-2012,0.0
02-01-2012,18.6
03-01-2012,0.0
04-01-2012,3.2
05-01-2012,0.0
06-01-2012,43.9
07-01-2012,17.3
08-01-2012,4.6
09-01-2012,1.2
10-01-2012,6.6
11-01-2012,22.2
12-01-2012,14.5
13-01-2012,0.0
14-01-2012,5.6
15-01-2012,0.0
16-01-2012,0.1
17-01-2012,3.0
18-01-2012,0.4
19-01-2012,6.6
20-01-2012,0.0
21-01-2012,0.0
22-01-2012,2.3
23-01-2012,4.2
24-01-2012,5.0
25-01-2012,2.0
26-01-2012,0.0
27-01-2012,52.4
28-01-2012,0.6
29-01-2012,0.0
30-01-2012,0.0
31-01-2012,1.4
01-02-2012,0.0
02-02-2012,0.7
03-02-2012,1.7
04-02-2012,0.0
05-02-2012,5.4
06-02-2012,4.7
07-02-2012,0.0
08-02-2012,28.4
09-02-2012,7.4
10-02-2012,0.0
11-02-2012,11.8
12-02-2012,4.1
13-02-2012,0.4
14-02-2012,18.4
15-02-2012,22.7
16-02-2012,7.1
17-02-2012,26.0
18-02-2012,12.9
19-02-2012,50.9
20-02-2012,50.9
21-02-2012,0.0
22-02-2012,12.8
23-02-2012,0.0
24-02-2012,15.8
25-02-2012,33.3
26-02-2012,46.7
27-02-2012,2.0
28-02-2012,0.0
29-02-2012,2.5
01-03-2012,20.0
02-03-2012,3.4
03-03-2012,34.0
04-03-2012,0.0
05-03-2012,30.0
06-03-2012,0.1
07-03-2012,12.5
08-03-2012,28.3
09-03-2012,28.3
10-03-2012,0.0
11-03-2012,42.8
12-03-2012,0.0
13-03-2012,0.2
14-03-2012,102.0
15-03-2012,2.9
16-03-2012,36.8
17-03-2012,10.9
18-03-2012,0.2
19-03-2012,2.2
20-03-2012,1.4
21-03-2012,0.0
22-03-2012,5.2
23-03-2012,0.0
24-03-2012,34.0
25-03-2012,0.0
26-03-2012,0.0
27-03-2012,12.5
28-03-2012,5.3
29-03-2012,14.7
30-03-2012,23.2
31-03-2012,0.0
01-04-2012,27.7
02-04-2012,7.6
03-04-2012,1.1
04-04-2012,0.2
05-04-2012,45.0
06-04-2012,0.0
07-04-2012,4.1
08-04-2012,7.4
09-04-2012,0.6
10-04-2012,0.4
11-04-2012,13.8
12-04-2012,0.0
13-04-2012,2.1
14-04-2012,46.8
15-04-2012,0.2
16-04-2012,0.0
17-04-2012,0.0
18-04-2012,0.1
19-04-2012,5.6
20-04-2012,16.2
21-04-2012,1.5
22-04-2012,40.0
23-04-2012,0.0
24-04-2012,7.2
25-04-2012,0.0
26-04-2012,0.8
27-04-2012,0.6
28-04-2012,7.4
29-04-2012,0.1
30-04-2012,0.0
01-05-2012,0.0
02-05-2012,0.0
03-05-2012,3.0
04-05-2012,0.0
05-05-2012,2.1
06-05-2012,0.0
07-05-2012,25.1
08-05-2012,0.0
09-05-2012,0.0
10-05-2012,0.0
11-05-2012,0.0
12-05-2012,15.1
13-05-2012,1.0
14-05-2012,0.0
15-05-2012,0.0
16-05-2012,0.0
17-05-2012,0.0
18-05-2012,0.5
19-05-2012,0.0
20-05-2012,26.5
21-05-2012,0.2
22-05-2012,0.0
23-05-2012,0.8
24-05-2012,3.7
25-05-2012,0.0
26-05-2012,0.6
27-05-2012,0.0
28-05-2012,0.0
29-05-2012,41.8
30-05-2012,0.0
31-05-2012,13.9
01-06-2012,4.2
02-06-2012,0.0
03-06-2012,0.0
04-06-2012,0.0
05-06-2012,0.0
06-06-2012,9.2
07-06-2012,0.0
08-06-2012,0.0
09-06-2012,35.1
10-06-2012,0.7
11-06-2012,0.0
12-06-2012,0.0
13-06-2012,0.0
14-06-2012,0.0
15-06-2012,0.0
16-06-2012,0.0
17-06-2012,0.0
18-06-2012,0.0
19-06-2012,0.0
20-06-2012,0.0
21-06-2012,0.0
22-06-2012,0.0
23-06-2012,0.0
24-06-2012,10.0
25-06-2012,10.0
26-06-2012,0.0
27-06-2012,3.7
28-06-2012,3.7
29-06-2012,0.0
30-06-2012,0.0
01-07-2012,0.0
02-07-2012,0.0
03-07-2012,34.7
04-07-2012,0.0
05-07-2012,0.0
06-07-2012,32.3
07-07-2012,5.8
08-07-2012,77.8
09-07-2012,0.5
10-07-2012,0.0
11-07-2012,2.7
12-07-2012,0.5
13-07-2012,0.2
14-07-2012,35.7
15-07-2012,0.0
16-07-2012,36.6
17-07-2012,0.0
18-07-2012,13.3
19-07-2012,78.6
20-07-2012,0.9
21-07-2012,0.0
22-07-2012,0.0
23-07-2012,0.5
24-07-2012,15.6
25-07-2012,96.0
26-07-2012,96.0
27-07-2012,0.0
28-07-2012,0.0
29-07-2012,0.0
30-07-2012,0.0
31-07-2012,0.0
01-08-2012,0.0
02-08-2012,0.0
03-08-2012,0.0
04-08-2012,0.0
05-08-2012,0.0
06-08-2012,0.0
07-08-2012,0.0
08-08-2012,0.0
09-08-2012,0.0
10-08-2012,7.6
11-08-2012,0.0
12-08-2012,0.0
13-08-2012,0.0
14-08-2012,0.0
15-08-2012,0.0
16-08-2012,0.0
17-08-2012,58.1
18-08-2012,10.0
19-08-2012,0.0
20-08-2012,46.0
21-08-2012,2.2
22-08-2012,0.0
23-08-2012,7.5
24-08-2012,3.0
25-08-2012,0.0
26-08-2012,0.2
27-08-2012,140.0
28-08-2012,0.3
29-08-2012,50.4
30-08-2012,3.4
31-08-2012,0.0
01-09-2012,0.0
02-09-2012,0.0
03-09-2012,0.0
04-09-2012,0.4
05-09-2012,0.4
06-09-2012,0.0
07-09-2012,0.0
08-09-2012,0.0
09-09-2012,6.3
10-09-2012,0.0
11-09-2012,0.0
12-09-2012,0.0
13-09-2012,0.0
14-09-2012,0.0
15-09-2012,0.0
16-09-2012,3.5
17-09-2012,0.0
18-09-2012,0.0
19-09-2012,50.0
20-09-2012,0.0
21-09-2012,0.0
22-09-2012,0.0
23-09-2012,0.0
24-09-2012,0.0
25-09-2012,0.0
26-09-2012,0.0
27-09-2012,0.0
28-09-2012,4.7
29-09-2012,2.0
30-09-2012,0.8
01-10-2012,0.1
02-10-2012,0.1
03-10-2012,0.0
04-10-2012,0.0
05-10-2012,0.5
06-10-2012,0.0
07-10-2012,0.0
08-10-2012,7.1
09-10-2012,0.0
10-10-2012,11.3
11-10-2012,50.2
12-10-2012,0.4
13-10-2012,69.9
14-10-2012,15.1
15-10-2012,25.7
16-10-2012,1.9
17-10-2012,15.0
18-10-2012,16.9
19-10-2012,83.3
20-10-2012,5.8
21-10-2012,10.0
22-10-2012,0.0
23-10-2012,0.5
24-10-2012,11.6
25-10-2012,23.9
26-10-2012,0.7
27-10-2012,10.0
28-10-2012,29.9
29-10-2012,6.1
30-10-2012,10.8
31-10-2012,10.0
01-11-2012,30.0
02-11-2012,10.0
03-11-2012,3.0
04-11-2012,10.0
05-11-2012,10.0
06-11-2012,12.6
07-11-2012,0.2
08-11-2012,7.3
09-11-2012,0.4
10-11-2012,10.0
11-11-2012,20.0
12-11-2012,0.2
13-11-2012,10.0
14-11-2012,10.0
15-11-2012,0.3
16-11-2012,49.2
17-11-2012,0.0
18-11-2012,6.1
19-11-2012,2.6
20-11-2012,0.6
21-11-2012,6.5
22-11-2012,0.0
23-11-2012,0.6
24-11-2012,30.0
25-11-2012,24.8
26-11-2012,17.4
27-11-2012,17.4
28-11-2012,0.1
29-11-2012,4.5
30-11-2012,1.8
01-12-2012,13.9
02-12-2012,10.0
03-12-2012,13.6
04-12-2012,0.0
05-12-2012,5.1
06-12-2012,0.0
07-12-2012,14.3
08-12-2012,0.9
09-12-2012,1.3
10-12-2012,1.3
11-12-2012,0.8
12-12-2012,58.6
13-12-2012,0.0
14-12-2012,2.0
15-12-2012,0.3
16-12-2012,0.3
17-12-2012,16.8
18-12-2012,33.3
19-12-2012,18.0
20-12-2012,0.9
21-12-2012,15.7
22-12-2012,1.3
23-12-2012,1.8
24-12-2012,0.6
25-12-2012,4.3
26-12-2012,9.6
27-12-2012,5.2
28-12-2012,5.2
29-12-2012,3.6
30-12-2012,28.1
31-12-2012,20.8
01-01-2013,27.4
02-01-2013,0.0
03-01-2013,0.3
04-01-2013,2.1
05-01-2013,6.1
06-01-2013,0.0
07-01-2013,0.0
08-01-2013,3.8
09-01-2013,0.0
10-01-2013,2.0
11-01-2013,1.8
12-01-2013,0.0
13-01-2013,4.6
14-01-2013,0.0
15-01-2013,0.0
16-01-2013,0.0
17-01-2013,0.0
18-01-2013,0.0
19-01-2013,20.4
20-01-2013,0.0
21-01-2013,6.4
22-01-2013,0.0
23-01-2013,1.7
24-01-2013,7.9
25-01-2013,7.8
26-01-2013,0.0
27-01-2013,0.0
28-01-2013,0.0
29-01-2013,0.0
30-01-2013,7.7
31-01-2013,0.8
01-02-2013,4.2
02-02-2013,3.4
03-02-2013,2.3
04-02-2013,62.8
05-02-2013,6.7
06-02-2013,3.3
07-02-2013,8.1
08-02-2013,0.0
09-02-2013,17.3
10-02-2013,3.5
11-02-2013,6.8
12-02-2013,5.4
13-02-2013,8.2
14-02-2013,8.2
15-02-2013,6.9
16-02-2013,0.0
17-02-2013,56.3
18-02-2013,1.4
19-02-2013,10.7
20-02-2013,9.2
21-02-2013,5.3
22-02-2013,3.6
23-02-2013,2.2
24-02-2013,0.1
25-02-2013,1.2
26-02-2013,0.0
27-02-2013,1.7
28-02-2013,0.0
01-03-2013,0.0
02-03-2013,0.0
03-03-2013,0.5
04-03-2013,0.3
05-03-2013,6.9
06-03-2013,0.0
07-03-2013,7.0
08-03-2013,0.0
09-03-2013,0.0
10-03-2013,15.8
11-03-2013,15.8
12-03-2013,0.0
13-03-2013,0.0
14-03-2013,0.0
15-03-2013,0.8
16-03-2013,21.0
17-03-2013,6.8
18-03-2013,0.1
19-03-2013,0.0
20-03-2013,15.2
21-03-2013,0.5
22-03-2013,10.6
23-03-2013,4.0
24-03-2013,0.0
25-03-2013,11.9
26-03-2013,0.9
27-03-2013,59.3
28-03-2013,0.3
29-03-2013,1.2
30-03-2013,0.6
31-03-2013,9.6
01-04-2013,0.0
02-04-2013,0.0
03-04-2013,0.4
04-04-2013,10.1
05-04-2013,0.0
06-04-2013,60.0
07-04-2013,11.1
08-04-2013,0.0
09-04-2013,0.0
10-04-2013,8.0
11-04-2013,1.1
12-04-2013,15.0
13-04-2013,14.7
14-04-2013,0.5
15-04-2013,0.6
16-04-2013,0.0
17-04-2013,19.6
18-04-2013,10.5
19-04-2013,0.0
20-04-2013,0.0
21-04-2013,0.0
22-04-2013,0.6
23-04-2013,0.4
24-04-2013,0.4
25-04-2013,9.7
26-04-2013,0.0
27-04-2013,0.5
28-04-2013,0.0
29-04-2013,0.0
30-04-2013,0.0
01-05-2013,1.1
02-05-2013,0.0
03-05-2013,52.6
04-05-2013,0.0
05-05-2013,3.6
06-05-2013,16.6
07-05-2013,10.0
08-05-2013,0.3
09-05-2013,12.6
10-05-2013,12.5
11-05-2013,0.4
12-05-2013,0.1
13-05-2013,0.0
14-05-2013,0.4
15-05-2013,8.8
16-05-2013,31.7
17-05-2013,5.9
18-05-2013,0.5
19-05-2013,0.5
20-05-2013,3.2
21-05-2013,3.2
22-05-2013,1.5
23-05-2013,1.5
24-05-2013,5.0
25-05-2013,4.1
26-05-2013,1.6
27-05-2013,0.0
28-05-2013,4.8
29-05-2013,14.6
30-05-2013,24.5
31-05-2013,4.6
01-06-2013,0.0
02-06-2013,0.6
03-06-2013,0.0
04-06-2013,1.8
05-06-2013,0.6
06-06-2013,2.0
07-06-2013,0.2
08-06-2013,5.4
09-06-2013,9.5
10-06-2013,52.8
11-06-2013,15.7
12-06-2013,0.0
13-06-2013,0.0
14-06-2013,0.0
15-06-2013,0.0
16-06-2013,0.0
17-06-2013,1.8
18-06-2013,0.0
19-06-2013,0.0
20-06-2013,0.0
21-06-2013,0.0
22-06-2013,0.0
23-06-2013,0.0
24-06-2013,0.0
25-06-2013,0.6
26-06-2013,0.0
27-06-2013,3.0
28-06-2013,0.0
29-06-2013,0.0
30-06-2013,1.9
01-07-2013,4.1
02-07-2013,16.8
03-07-2013,0.2
04-07-2013,12.0
05-07-2013,17.0
06-07-2013,6.3
07-07-2013,0.0
08-07-2013,116.3
09-07-2013,1.0
10-07-2013,0.0
11-07-2013,10.3
12-07-2013,2.5
13-07-2013,2.1
14-07-2013,0.0
15-07-2013,0.8
16-07-2013,2.8
17-07-2013,47.7
18-07-2013,32.3
19-07-2013,0.0
20-07-2013,0.0
21-07-2013,0.0
22-07-2013,0.0
23-07-2013,0.0
24-07-2013,0.0
25-07-2013,1.1
26-07-2013,0.0
27-07-2013,28.7
28-07-2013,0.3
29-07-2013,5.0
30-07-2013,0.0
31-07-2013,0.0
01-08-2013,23.0
02-08-2013,0.0
03-08-2013,0.0
04-08-2013,0.0
05-08-2013,5.2
06-08-2013,0.0
07-08-2013,17.1
08-08-2013,0.4
09-08-2013,0.0
10-08-2013,2.5
11-08-2013,0.0
12-08-2013,0.0
13-08-2013,0.0
14-08-2013,0.0
15-08-2013,0.0
16-08-2013,0.0
17-08-2013,3.0
18-08-2013,0.0
19-08-2013,0.0
20-08-2013,0.0
21-08-2013,0.0
22-08-2013,0.0
23-08-2013,0.0
24-08-2013,0.0
25-08-2013,2.0
26-08-2013,0.0
27-08-2013,19.5
28-08-2013,31.0
29-08-2013,11.6
30-08-2013,26.5
31-08-2013,20.2
01-09-2013,0.6
02-09-2013,0.6
03-09-2013,4.6
04-09-2013,64.7
05-09-2013,69.8
06-09-2013,21.6
07-09-2013,0.0
08-09-2013,28.7
09-09-2013,2.2
10-09-2013,0.1
11-09-2013,0.4
12-09-2013,0.0
13-09-2013,0.0
14-09-2013,0.0
15-09-2013,0.0
16-09-2013,0.9
17-09-2013,37.7
18-09-2013,0.0
19-09-2013,0.0
20-09-2013,0.0
21-09-2013,0.0
22-09-2013,0.0
23-09-2013,0.0
24-09-2013,0.0
25-09-2013,0.0
26-09-2013,0.0
27-09-2013,0.0
28-09-2013,4.1
29-09-2013,0.0
30-09-2013,0.0
01-10-2013,4.3
02-10-2013,28.4
03-10-2013,11.2
04-10-2013,0.0
05-10-2013,20.2
06-10-2013,0.0
07-10-2013,40.4
08-10-2013,5.8
09-10-2013,0.0
10-10-2013,6.1
11-10-2013,6.6
12-10-2013,0.0
13-10-2013,44.0
14-10-2013,38.5
15-10-2013,6.0
16-10-2013,0.0
17-10-2013,3.4
18-10-2013,10.4
19-10-2013,1.0
20-10-2013,40.8
21-10-2013,5.0
22-10-2013,1.0
23-10-2013,0.0
24-10-2013,0.0
25-10-2013,0.0
26-10-2013,7.2
27-10-2013,14.3
28-10-2013,6.0
29-10-2013,0.6
30-10-2013,0.1
31-10-2013,24.0
01-11-2013,1.7
02-11-2013,0.6
03-11-2013,0.0
04-11-2013,2.5
05-11-2013,10.0
06-11-2013,0.0
07-11-2013,0.0
08-11-2013,29.6
09-11-2013,0.0
10-11-2013,0.1
11-11-2013,0.0
12-11-2013,0.5
13-11-2013,18.4
14-11-2013,14.2
15-11-2013,13.1
16-11-2013,4.6
17-11-2013,37.7
18-11-2013,12.6
19-11-2013,2.7
20-11-2013,0.0
21-11-2013,0.0
22-11-2013,7.4
23-11-2013,0.1
24-11-2013,3.1
25-11-2013,1.7
26-11-2013,0.0
27-11-2013,10.1
28-11-2013,0.0
29-11-2013,0.0
30-11-2013,0.0
01-12-2013,0.0
02-12-2013,2.8
03-12-2013,17.5
04-12-2013,0.0
05-12-2013,0.0
06-12-2013,95.4
07-12-2013,0.8
08-12-2013,52.2
09-12-2013,52.2
10-12-2013,26.5
11-12-2013,13.2
12-12-2013,11.0
13-12-2013,1.3
14-12-2013,9.5
15-12-2013,0.0
16-12-2013,1.7
17-12-2013,1.0
18-12-2013,0.0
19-12-2013,1.2
20-12-2013,12.5
21-12-2013,12.5
22-12-2013,0.0
23-12-2013,0.1
24-12-2013,4.4
25-12-2013,2.9
26-12-2013,0.0
27-12-2013,0.0
28-12-2013,28.5
29-12-2013,1.8
30-12-2013,5.5
31-12-2013,1.3
01-01-2014,0.0
02-01-2014,3.2
03-01-2014,0.5
04-01-2014,5.2
05-01-2014,30.2
06-01-2014,3.4
07-01-2014,4.6
08-01-2014,0.0
09-01-2014,7.2
10-01-2014,0.3
11-01-2014,0.1
12-01-2014,10.8
13-01-2014,10.4
14-01-2014,7.3
15-01-2014,0.0
16-01-2014,2.0
17-01-2014,3.0
18-01-2014,3.0
19-01-2014,3.0
20-01-2014,0.0
21-01-2014,0.0
22-01-2014,3.7
23-01-2014,0.0
24-01-2014,0.0
25-01-2014,0.0
26-01-2014,0.0
27-01-2014,0.0
28-01-2014,0.0
29-01-2014,0.0
30-01-2014,0.0
31-01-2014,0.0
01-02-2014,0.0
02-02-2014,0.0
03-02-2014,0.0
04-02-2014,0.0
05-02-2014,0.0
06-02-2014,0.0
07-02-2014,0.0
08-02-2014,0.0
09-02-2014,0.0
10-02-2014,0.0
11-02-2014,0.0
12-02-2014,0.0
13-02-2014,0.0
14-02-2014,0.0
15-02-2014,0.0
16-02-2014,0.0
17-02-2014,0.0
18-02-2014,0.0
19-02-2014,0.0
20-02-2014,0.0
21-02-2014,0.0
22-02-2014,0.0
23-02-2014,26.2
24-02-2014,0.0
25-02-2014,0.0
26-02-2014,0.0
27-02-2014,0.0
28-02-2014,0.0
01-03-2014,0.0
02-03-2014,0.0
03-03-2014,0.0
04-03-2014,0.0
05-03-2014,1.4
06-03-2014,0.0
07-03-2014,0.0
08-03-2014,0.0
09-03-2014,0.0
10-03-2014,0.0
11-03-2014,0.0
12-03-2014,0.0
13-03-2014,0.0
14-03-2014,0.0
15-03-2014,0.0
16-03-2014,0.0
17-03-2014,1.2
18-03-2014,11.1
19-03-2014,0.7
20-03-2014,1.3
21-03-2014,10.9
22-03-2014,20.7
23-03-2014,0.0
24-03-2014,0.0
25-03-2014,0.0
26-03-2014,0.0
27-03-2014,0.0
28-03-2014,0.0
29-03-2014,0.0
30-03-2014,53.7
31-03-2014,0.0
01-04-2014,49.2
02-04-2014,5.2
03-04-2014,5.2
04-04-2014,11.0
05-04-2014,6.3
06-04-2014,3.0
07-04-2014,34.5
08-04-2014,34.5
09-04-2014,0.0
10-04-2014,39.0
11-04-2014,1.0
12-04-2014,35.2
13-04-2014,58.2
14-04-2014,1.0
15-04-2014,1.0
16-04-2014,5.3
17-04-2014,0.0
18-04-2014,28.5
19-04-2014,28.5
20-04-2014,9.5
21-04-2014,1.0
22-04-2014,1.5
23-04-2014,2.2
24-04-2014,0.2
25-04-2014,0.0
26-04-2014,0.0
27-04-2014,42.7
28-04-2014,42.7
29-04-2014,42.7
30-04-2014,3.6
01-05-2014,0.0
02-05-2014,0.0
03-05-2014,0.0
04-05-2014,7.0
05-05-2014,7.0
06-05-2014,0.0
07-05-2014,0.0
08-05-2014,6.5
09-05-2014,0.0
10-05-2014,0.0
11-05-2014,0.0
12-05-2014,0.0
13-05-2014,1.4
14-05-2014,0.0
15-05-2014,0.0
16-05-2014,1.0
17-05-2014,0.0
18-05-2014,7.5
19-05-2014,29.0
20-05-2014,0.0
21-05-2014,0.0
22-05-2014,0.0
23-05-2014,0.0
24-05-2014,0.4
25-05-2014,0.4
26-05-2014,0.4
27-05-2014,18.2
28-05-2014,8.8
29-05-2014,8.8
30-05-2014,0.0
31-05-2014,29.1
01-06-2014,0.0
02-06-2014,0.0
03-06-2014,0.0
04-06-2014,0.0
05-06-2014,2.0
06-06-2014,1.1
07-06-2014,1.1
08-06-2014,0.8
09-06-2014,0.0
10-06-2014,0.0
11-06-2014,0.0
12-06-2014,0.0
13-06-2014,1.5
14-06-2014,65.3
15-06-2014,0.6
16-06-2014,0.2
17-06-2014,0.0
18-06-2014,0.0
19-06-2014,26.1
20-06-2014,0.0
21-06-2014,0.0
22-06-2014,0.0
23-06-2014,0.0
24-06-2014,0.0
25-06-2014,0.2
26-06-2014,0.0
27-06-2014,1.0
28-06-2014,3.3
29-06-2014,0.0
30-06-2014,0.0
01-07-2014,2.2
02-07-2014,0.0
03-07-2014,0.0
04-07-2014,0.0
05-07-2014,6.5
06-07-2014,22.8
07-07-2014,22.8
08-07-2014,22.8
09-07-2014,0.0
10-07-2014,5.3
11-07-2014,0.0
12-07-2014,0.0
13-07-2014,51.6
14-07-2014,0.0
15-07-2014,0.0
16-07-2014,0.0
17-07-2014,5.3
18-07-2014,62.3
19-07-2014,2.0
20-07-2014,10.5
21-07-2014,0.0
22-07-2014,0.0
23-07-2014,0.0
24-07-2014,0.0
25-07-2014,0.0
26-07-2014,0.0
27-07-2014,0.0
28-07-2014,0.0
29-07-2014,0.0
30-07-2014,0.0
31-07-2014,26.6
01-08-2014,4.9
02-08-2014,0.0
03-08-2014,0.0
04-08-2014,0.0
05-08-2014,0.0
06-08-2014,2.9
07-08-2014,0.0
08-08-2014,1.4
09-08-2014,1.4
10-08-2014,1.6
11-08-2014,21.0
12-08-2014,0.0
13-08-2014,3.3
14-08-2014,1.7
15-08-2014,1.7
16-08-2014,0.0
17-08-2014,0.0
18-08-2014,0.2
19-08-2014,0.0
20-08-2014,0.0
21-08-2014,0.3
22-08-2014,30.8
23-08-2014,23.3
24-08-2014,62.4
25-08-2014,1.4
26-08-2014,0.0
27-08-2014,28.3
28-08-2014,28.3
29-08-2014,1.2
30-08-2014,0.0
31-08-2014,0.0
01-09-2014,0.0
02-09-2014,0.0
03-09-2014,0.0
04-09-2014,0.0
05-09-2014,0.0
06-09-2014,0.0
07-09-2014,3.5
08-09-2014,0.0
09-09-2014,1.0
10-09-2014,0.0
11-09-2014,0.0
12-09-2014,0.0
13-09-2014,0.0
14-09-2014,0.0
15-09-2014,0.0
16-09-2014,0.0
17-09-2014,0.0
18-09-2014,0.0
19-09-2014,0.0
20-09-2014,30.5
21-09-2014,3.7
22-09-2014,0.0
23-09-2014,0.0
24-09-2014,4.0
25-09-2014,24.3
26-09-2014,0.0
27-09-2014,0.0
28-09-2014,0.0
29-09-2014,0.0
30-09-2014,0.0
01-10-2014,0.0
02-10-2014,0.0
03-10-2014,0.0
04-10-2014,0.0
05-10-2014,9.9
06-10-2014,0.0
07-10-2014,0.0
08-10-2014,0.0
09-10-2014,0.0
10-10-2014,0.0
11-10-2014,0.0
12-10-2014,0.0
13-10-2014,0.4
14-10-2014,0.4
15-10-2014,0.0
16-10-2014,0.0
17-10-2014,7.5
18-10-2014,7.5
19-10-2014,36.1
20-10-2014,4.5
21-10-2014,0.0
22-10-2014,0.1
23-10-2014,0.0
24-10-2014,0.0
25-10-2014,0.0
26-10-2014,12.9
27-10-2014,0.0
28-10-2014,0.1
29-10-2014,0.1
30-10-2014,21.0
31-10-2014,8.1
01-11-2014,0.0
02-11-2014,0.0
03-11-2014,0.0
04-11-2014,0.0
05-11-2014,0.4
06-11-2014,25.6
07-11-2014,0.2
08-11-2014,9.7
09-11-2014,6.7
10-11-2014,6.7
11-11-2014,0.0
12-11-2014,7.6
13-11-2014,1.5
14-11-2014,67.6
15-11-2014,0.6
16-11-2014,14.1
17-11-2014,21.0
18-11-2014,0.0
19-11-2014,0.0
20-11-2014,18.0
21-11-2014,0.1
22-11-2014,3.0
23-11-2014,0.5
24-11-2014,0.2
25-11-2014,0.0
26-11-2014,33.8
27-11-2014,15.4
28-11-2014,1.8
29-11-2014,0.2
30-11-2014,0.2
01-12-2014,0.0
02-12-2014,0.0
03-12-2014,1.5
04-12-2014,0.1
05-12-2014,0.0
06-12-2014,5.8
07-12-2014,7.8
08-12-2014,0.0
09-12-2014,20.4
10-12-2014,7.9
11-12-2014,0.0
12-12-2014,6.9
13-12-2014,6.9
14-12-2014,0.0
15-12-2014,35.9
16-12-2014,1.5
17-12-2014,41.0
18-12-2014,12.6
19-12-2014,4.8
20-12-2014,4.8
21-12-2014,0.0
22-12-2014,0.0
23-12-2014,0.0
24-12-2014,14.5
25-12-2014,63.6
26-12-2014,0.0
27-12-2014,13.1
28-12-2014,13.1
29-12-2014,0.8
30-12-2014,0.0
31-12-2014,15.7
01-01-2015,19.3
02-01-2015,9.4
03-01-2015,11.4
04-01-2015,0.6
05-01-2015,0.2
06-01-2015,17.6
07-01-2015,18.9
08-01-2015,7.8
09-01-2015,0.5
10-01-2015,14.7
11-01-2015,7.9
12-01-2015,6.7
13-01-2015,1.8
14-01-2015,0.0
15-01-2015,10.2
16-01-2015,10.2
17-01-2015,8.6
18-01-2015,7.6
19-01-2015,12.6
20-01-2015,35.7
21-01-2015,18.2
22-01-2015,17.2
23-01-2015,0.1
24-01-2015,0.2
25-01-2015,14.9
26-01-2015,0.8
27-01-2015,0.0
28-01-2015,0.0
29-01-2015,2.4
30-01-2015,20.6
31-01-2015,0.2
01-02-2015,10.9
02-02-2015,2.4
03-02-2015,2.8
04-02-2015,0.0
05-02-2015,0.0
06-02-2015,20.0
07-02-2015,0.2
08-02-2015,23.4
09-02-2015,23.4
10-02-2015,0.1
11-02-2015,18.0
12-02-2015,8.9
13-02-2015,8.9
14-02-2015,8.9
15-02-2015,8.9
16-02-2015,8.9
17-02-2015,8.9
18-02-2015,8.9
19-02-2015,8.9
20-02-2015,8.9
21-02-2015,8.9
22-02-2015,8.9
23-02-2015,8.9
24-02-2015,8.9
25-02-2015,8.9
26-02-2015,8.9
27-02-2015,8.9
28-02-2015,8.9
01-03-2015,1.2
02-03-2015,0.2
03-03-2015,14.3
04-03-2015,0.0
05-03-2015,0.5
06-03-2015,0.5
07-03-2015,0.0
08-03-2015,3.0
09-03-2015,0.0
10-03-2015,6.4
11-03-2015,4.0
12-03-2015,1.0
13-03-2015,10.0
14-03-2015,0.1
15-03-2015,54.5
16-03-2015,0.0
17-03-2015,0.0
18-03-2015,0.8
19-03-2015,0.0
20-03-2015,0.0
21-03-2015,0.0
22-03-2015,33.8
23-03-2015,33.8
24-03-2015,0.0
25-03-2015,6.0
26-03-2015,0.5
27-03-2015,16.5
28-03-2015,17.3
29-03-2015,15.5
30-03-2015,15.5
31-03-2015,2.3
01-04-2015,0.2
02-04-2015,0.7
03-04-2015,19.3
04-04-2015,13.8
05-04-2015,19.0
06-04-2015,0.3
07-04-2015,7.0
08-04-2015,0.0
09-04-2015,2.7
10-04-2015,57.4
11-04-2015,1.8
12-04-2015,53.3
13-04-2015,53.3
14-04-2015,0.0
15-04-2015,0.0
16-04-2015,0.0
17-04-2015,10.0
18-04-2015,0.0
19-04-2015,2.9
20-04-2015,2.9
21-04-2015,0.0
22-04-2015,0.0
23-04-2015,39.3
24-04-2015,22.9
25-04-2015,0.0
26-04-2015,0.5
27-04-2015,7.7
28-04-2015,7.2
29-04-2015,6.2
30-04-2015,0.0
01-05-2015,56.8
02-05-2015,0.0
03-05-2015,0.0
04-05-2015,0.0
05-05-2015,0.0
06-05-2015,0.0
07-05-2015,3.5
08-05-2015,0.0
09-05-2015,0.0
10-05-2015,3.4
11-05-2015,31.4
12-05-2015,5.5
13-05-2015,2.5
14-05-2015,31.9
15-05-2015,2.6
16-05-2015,68.5
17-05-2015,0.0
18-05-2015,0.7
19-05-2015,7.6
20-05-2015,0.0
21-05-2015,0.0
22-05-2015,36.0
23-05-2015,1.5
24-05-2015,6.0
25-05-2015,2.0
26-05-2015,0.0
27-05-2015,0.4
28-05-2015,0.0
29-05-2015,0.0
30-05-2015,0.0
31-05-2015,0.0
01-06-2015,0.0
02-06-2015,4.1
03-06-2015,23.6
04-06-2015,0.0
05-06-2015,0.0
06-06-2015,25.1
07-06-2015,1.9
08-06-2015,13.9
09-06-2015,37.4
10-06-2015,72.0
11-06-2015,3.6
12-06-2015,7.6
13-06-2015,29.7
14-06-2015,16.0
15-06-2015,6.0
16-06-2015,1.0
17-06-2015,16.4
18-06-2015,0.0
19-06-2015,0.0
20-06-2015,0.0
21-06-2015,0.0
22-06-2015,5.5
23-06-2015,0.0
24-06-2015,0.0
25-06-2015,0.0
26-06-2015,0.0
27-06-2015,0.0
28-06-2015,0.0
29-06-2015,0.0
30-06-2015,0.0
01-07-2015,0.0
02-07-2015,0.0
03-07-2015,0.0
04-07-2015,0.0
05-07-2015,0.0
06-07-2015,0.0
07-07-2015,0.0
08-07-2015,0.0
09-07-2015,0.0
10-07-2015,0.0
11-07-2015,0.0
12-07-2015,0.0
13-07-2015,0.0
14-07-2015,0.0
15-07-2015,0.0
16-07-2015,11.3
17-07-2015,0.0
18-07-2015,0.0
19-07-2015,0.0
20-07-2015,0.0
21-07-2015,65.5
22-07-2015,0.0
23-07-2015,2.0
24-07-2015,2.0
25-07-2015,2.0
26-07-2015,4.0
27-07-2015,0.0
28-07-2015,18.3
29-07-2015,0.0
30-07-2015,0.0
31-07-2015,99.8
01-08-2015,9.6
02-08-2015,4.3
03-08-2015,0.0
04-08-2015,0.0
05-08-2015,0.0
06-08-2015,0.0
07-08-2015,0.0
08-08-2015,0.0
09-08-2015,0.0
10-08-2015,0.0
11-08-2015,0.0
12-08-2015,0.0
13-08-2015,6.2
14-08-2015,0.3
15-08-2015,14.8
16-08-2015,2.0
17-08-2015,0.3
18-08-2015,0.0
19-08-2015,0.0
20-08-2015,0.0
21-08-2015,0.0
22-08-2015,0.0
23-08-2015,0.0
24-08-2015,0.0
25-08-2015,0.0
26-08-2015,0.0
27-08-2015,0.0
28-08-2015,27.9
29-08-2015,0.0
30-08-2015,0.0
31-08-2015,0.0
01-09-2015,0.0
02-09-2015,0.0
03-09-2015,8.5
04-09-2015,0.0
05-09-2015,0.0
06-09-2015,0.0
07-09-2015,0.0
08-09-2015,0.0
09-09-2015,0.0
10-09-2015,0.0
11-09-2015,0.0
12-09-2015,0.0
13-09-2015,0.0
14-09-2015,0.0
15-09-2015,0.0
16-09-2015,0.0
17-09-2015,0.0
18-09-2015,0.0
19-09-2015,0.0
20-09-2015,0.0
21-09-2015,0.0
22-09-2015,0.0
23-09-2015,0.0
24-09-2015,9.4
25-09-2015,0.2
26-09-2015,0.0
27-09-2015,0.0
28-09-2015,0.0
29-09-2015,89.9
30-09-2015,0.4
01-10-2015,11.0
02-10-2015,0.0
03-10-2015,0.0
04-10-2015,0.0
05-10-2015,32.8
06-10-2015,11.0
07-10-2015,4.8
08-10-2015,0.0
09-10-2015,0.0
10-10-2015,0.0
11-10-2015,0.0
12-10-2015,0.0
13-10-2015,1.7
14-10-2015,0.0
15-10-2015,0.0
16-10-2015,0.0
17-10-2015,57.0
18-10-2015,19.2
19-10-2015,0.0
20-10-2015,0.0
21-10-2015,0.0
22-10-2015,0.0
23-10-2015,0.0
24-10-2015,0.0
25-10-2015,0.0
26-10-2015,10.0
27-10-2015,12.0
28-10-2015,11.1
29-10-2015,10.0
30-10-2015,4.0
31-10-2015,0.0
01-11-2015,63.7
02-11-2015,8.9
03-11-2015,4.3
04-11-2015,0.0
05-11-2015,31.0
06-11-2015,25.4
07-11-2015,12.9
08-11-2015,20.0
09-11-2015,0.0
10-11-2015,98.0
11-11-2015,2.3
12-11-2015,37.7
13-11-2015,1.7
14-11-2015,13.6
15-11-2015,13.6
16-11-2015,11.3
17-11-2015,1.2
18-11-2015,25.4
19-11-2015,0.0
20-11-2015,5.5
21-11-2015,2.5
22-11-2015,2.3
23-11-2015,3.8
24-11-2015,3.3
25-11-2015,0.0
26-11-2015,2.2
27-11-2015,29.8
28-11-2015,16.5
29-11-2015,3.3
30-11-2015,25.9
01-12-2015,0.0
02-12-2015,8.9
03-12-2015,8.9
04-12-2015,6.5
05-12-2015,8.7
06-12-2015,0.0
07-12-2015,55.6
08-12-2015,0.6
09-12-2015,30.0
10-12-2015,2.0
11-12-2015,51.0
12-12-2015,0.2
13-12-2015,0.0
14-12-2015,79.9
15-12-2015,0.8
16-12-2015,9.8
17-12-2015,15.0
18-12-2015,52.2
19-12-2015,2.2
20-12-2015,0.0
21-12-2015,2.0
22-12-2015,0.0
23-12-2015,0.0
24-12-2015,6.4
25-12-2015,0.0
26-12-2015,0.0
27-12-2015,0.0
28-12-2015,1.3
29-12-2015,9.2
30-12-2015,0.0
31-12-2015,0.0
01-01-2016,10.4
02-01-2016,0.6
03-01-2016,65.2
04-01-2016,10.6
05-01-2016,0.0
06-01-2016,4.0
07-01-2016,12.4
08-01-2016,19.6
09-01-2016,2.0
10-01-2016,3.8
11-01-2016,14.6
12-01-2016,0.0
13-01-2016,2.8
14-01-2016,18.6
15-01-2016,3.5
16-01-2016,2.6
17-01-2016,0.0
18-01-2016,0.8
19-01-2016,5.1
20-01-2016,2.7
21-01-2016,25.3
22-01-2016,0.4
23-01-2016,0.0
24-01-2016,3.9
25-01-2016,3.8
26-01-2016,49.4
27-01-2016,49.4
28-01-2016,0.0
29-01-2016,46.4
30-01-2016,0.2
31-01-2016,0.0
01-02-2016,0.0
02-02-2016,0.0
03-02-2016,57.0
04-02-2016,2.1
05-02-2016,0.0
06-02-2016,20.4
07-02-2016,1.9
08-02-2016,26.9
09-02-2016,68.1
10-02-2016,40.2
11-02-2016,0.0
12-02-2016,12.8
13-02-2016,0.0
14-02-2016,3.0
15-02-2016,23.2
16-02-2016,64.7
17-02-2016,10.0
18-02-2016,14.0
19-02-2016,116.0
20-02-2016,0.0
21-02-2016,9.0
22-02-2016,24.4
23-02-2016,0.0
24-02-2016,42.7
25-02-2016,12.5
26-02-2016,4.6
27-02-2016,38.0
28-02-2016,3.2
29-02-2016,0.5
01-03-2016,0.0
02-03-2016,55.4
03-03-2016,0.1
04-03-2016,25.6
05-03-2016,30.7
06-03-2016,0.6
07-03-2016,53.6
08-03-2016,2.9
09-03-2016,28.2
10-03-2016,7.7
11-03-2016,0.3
12-03-2016,0.4
13-03-2016,3.3
14-03-2016,21.0
15-03-2016,0.0
16-03-2016,16.4
17-03-2016,0.0
18-03-2016,0.0
19-03-2016,9.8
20-03-2016,0.1
21-03-2016,29.1
22-03-2016,0.0
23-03-2016,20.0
24-03-2016,0.0
25-03-2016,0.5
26-03-2016,44.2
27-03-2016,0.2
28-03-2016,0.0
29-03-2016,0.0
30-03-2016,21.3
31-03-2016,0.0
01-04-2016,0.0
02-04-2016,95.7
03-04-2016,1.1
04-04-2016,0.0
05-04-2016,0.0
06-04-2016,0.0
07-04-2016,0.0
08-04-2016,47.2
09-04-2016,5.8
10-04-2016,110.2
11-04-2016,110.2
12-04-2016,0.0
13-04-2016,83.0
14-04-2016,0.0
15-04-2016,0.0
16-04-2016,0.0
17-04-2016,27.9
18-04-2016,0.1
19-04-2016,0.0
20-04-2016,0.0
21-04-2016,53.0
22-04-2016,13.9
23-04-2016,0.0
24-04-2016,0.0
25-04-2016,0.0
26-04-2016,14.4
27-04-2016,62.7
28-04-2016,62.7
29-04-2016,10.0
30-04-2016,0.1
01-05-2016,34.3
02-05-2016,0.0
03-05-2016,3.2
04-05-2016,5.7
05-05-2016,0.0
06-05-2016,0.3
07-05-2016,0.0
08-05-2016,28.2
09-05-2016,1.2
10-05-2016,22.4
11-05-2016,0.6
12-05-2016,22.4
13-05-2016,0.2
14-05-2016,12.1
15-05-2016,4.1
16-05-2016,0.0
17-05-2016,12.8
18-05-2016,6.2
19-05-2016,60.0
20-05-2016,49.0
21-05-2016,0.0
22-05-2016,1.0
23-05-2016,23.7
24-05-2016,0.0
25-05-2016,0.0
26-05-2016,6.0
27-05-2016,0.0
28-05-2016,0.0
29-05-2016,0.0
30-05-2016,36.4
31-05-2016,55.4
01-06-2016,0.4
02-06-2016,0.0
03-06-2016,0.0
04-06-2016,37.2
05-06-2016,0.8
06-06-2016,0.0
07-06-2016,9.4
08-06-2016,0.0
09-06-2016,0.0
10-06-2016,52.4
11-06-2016,0.0
12-06-2016,2.0
13-06-2016,36.6
14-06-2016,4.2
15-06-2016,5.3
16-06-2016,0.0
17-06-2016,10.0
18-06-2016,56.8
19-06-2016,10.0
20-06-2016,10.0
21-06-2016,0.3
22-06-2016,0.0
23-06-2016,3.3
24-06-2016,1.7
25-06-2016,33.8
26-06-2016,0.0
27-06-2016,40.2
28-06-2016,19.4
29-06-2016,0.0
30-06-2016,0.0
01-07-2016,0.0
02-07-2016,0.0
03-07-2016,0.0
04-07-2016,0.0
05-07-2016,0.0
06-07-2016,0.0
07-07-2016,0.0
08-07-2016,16.6
09-07-2016,0.0
10-07-2016,0.0
11-07-2016,0.1
12-07-2016,0.1
13-07-2016,2.6
14-07-2016,0.0
15-07-2016,0.0
16-07-2016,0.2
17-07-2016,10.0
18-07-2016,10.4
19-07-2016,0.2
20-07-2016,59.0
21-07-2016,0.4
22-07-2016,56.8
23-07-2016,0.0
24-07-2016,10.0
25-07-2016,10.0
26-07-2016,2.6
27-07-2016,12.0
28-07-2016,0.6
29-07-2016,0.0
30-07-2016,10.0
31-07-2016,0.0
01-08-2016,0.5
02-08-2016,0.2
03-08-2016,0.0
04-08-2016,0.0
05-08-2016,23.8
06-08-2016,0.0
07-08-2016,0.0
08-08-2016,0.3
09-08-2016,0.0
10-08-2016,0.0
11-08-2016,0.0
12-08-2016,0.0
13-08-2016,0.0
14-08-2016,0.0
15-08-2016,0.0
16-08-2016,0.0
17-08-2016,0.0
18-08-2016,0.0
19-08-2016,0.0
20-08-2016,0.0
21-08-2016,0.0
22-08-2016,6.3
23-08-2016,10.0
24-08-2016,0.0
25-08-2016,0.1
26-08-2016,0.1
27-08-2016,0.0
28-08-2016,0.0
29-08-2016,0.0
30-08-2016,0.0
31-08-2016,11.0
01-09-2016,1.4
02-09-2016,26.2
03-09-2016,0.5
04-09-2016,10.3
05-09-2016,8.5
06-09-2016,8.5
07-09-2016,16.4
08-09-2016,0.0
09-09-2016,7.2
10-09-2016,0.6
11-09-2016,4.4
12-09-2016,0.0
13-09-2016,0.0
14-09-2016,0.0
15-09-2016,0.0
16-09-2016,16.0
17-09-2016,0.0
18-09-2016,0.0
19-09-2016,6.4
20-09-2016,6.4
21-09-2016,16.6
22-09-2016,0.9
23-09-2016,1.0
24-09-2016,0.0
25-09-2016,4.0
26-09-2016,0.7
27-09-2016,40.5
28-09-2016,47.8
29-09-2016,0.0
30-09-2016,3.3
01-10-2016,10.7
02-10-2016,16.5
03-10-2016,1.3
04-10-2016,7.4
05-10-2016,25.7
06-10-2016,64.4
07-10-2016,0.2
08-10-2016,0.0
09-10-2016,16.2
10-10-2016,0.0
11-10-2016,0.0
12-10-2016,2.0
13-10-2016,7.7
14-10-2016,0.5
15-10-2016,0.2
16-10-2016,0.0
17-10-2016,1.8
18-10-2016,20.0
19-10-2016,0.0
20-10-2016,1.6
21-10-2016,4.7
22-10-2016,1.8
23-10-2016,1.8
24-10-2016,8.8
25-10-2016,0.3
26-10-2016,0.0
27-10-2016,12.4
28-10-2016,47.0
29-10-2016,6.7
30-10-2016,21.4
31-10-2016,4.0
01-11-2016,40.8
02-11-2016,14.3
03-11-2016,13.8
04-11-2016,11.6
05-11-2016,0.0
06-11-2016,0.0
07-11-2016,34.8
08-11-2016,0.0
09-11-2016,24.2
10-11-2016,0.0
11-11-2016,5.0
12-11-2016,0.0
13-11-2016,0.1
14-11-2016,9.0
15-11-2016,19.9
16-11-2016,0.4
17-11-2016,1.3
18-11-2016,4.9
19-11-2016,0.0
20-11-2016,1.9
21-11-2016,10.0
22-11-2016,37.7
23-11-2016,37.7
24-11-2016,0.1
25-11-2016,39.1
26-11-2016,18.6
27-11-2016,0.0
28-11-2016,0.0
29-11-2016,0.0
30-11-2016,49.0
01-12-2016,0.2
02-12-2016,28.5
03-12-2016,28.5
04-12-2016,4.6
05-12-2016,21.4
06-12-2016,0.0
07-12-2016,0.0
08-12-2016,0.0
09-12-2016,3.1
10-12-2016,8.3
11-12-2016,11.0
12-12-2016,15.2
13-12-2016,10.0
14-12-2016,0.3
15-12-2016,0.0
16-12-2016,0.0
17-12-2016,32.0
18-12-2016,0.0
19-12-2016,0.0
20-12-2016,1.8
21-12-2016,2.1
22-12-2016,3.8
23-12-2016,7.0
24-12-2016,0.4
25-12-2016,6.2
26-12-2016,8.2
27-12-2016,0.2
28-12-2016,10.8
29-12-2016,24.4
30-12-2016,0.0
31-12-2016,0.0
01-01-2017,0.0
02-01-2017,0.0
03-01-2017,0.0
04-01-2017,0.0
05-01-2017,11.4
06-01-2017,4.8
07-01-2017,33.2
08-01-2017,0.8
09-01-2017,0.0
10-01-2017,0.0
11-01-2017,0.0
12-01-2017,0.4
13-01-2017,48.8
14-01-2017,0.0
15-01-2017,0.0
16-01-2017,1.0
17-01-2017,1.4
18-01-2017,0.0
19-01-2017,0.0
20-01-2017,59.4
21-01-2017,0.0
22-01-2017,7.8
23-01-2017,0.0
24-01-2017,0.0
25-01-2017,0.3
26-01-2017,33.9
27-01-2017,33.9
28-01-2017,0.0
29-01-2017,81.2
30-01-2017,6.7
31-01-2017,0.0
01-02-2017,0.0
02-02-2017,0.0
03-02-2017,18.0
04-02-2017,0.0
05-02-2017,10.1
06-02-2017,16.9
07-02-2017,16.9
08-02-2017,0.0
09-02-2017,0.0
10-02-2017,0.0
11-02-2017,0.0
12-02-2017,0.0
13-02-2017,2.8
14-02-2017,0.3
15-02-2017,0.0
16-02-2017,43.6
17-02-2017,0.8
18-02-2017,20.8
19-02-2017,79.7
20-02-2017,9.4
21-02-2017,0.0
22-02-2017,0.8
23-02-2017,0.1
24-02-2017,1.6
25-02-2017,27.9
26-02-2017,0.4
27-02-2017,0.9
28-02-2017,8.4
01-03-2017,20.9
02-03-2017,0.8
03-03-2017,8.3
04-03-2017,0.8
05-03-2017,7.6
06-03-2017,3.5
07-03-2017,0.0
08-03-2017,0.7
09-03-2017,0.0
10-03-2017,0.0
11-03-2017,0.0
12-03-2017,0.0
13-03-2017,23.4
14-03-2017,6.8
15-03-2017,0.0
16-03-2017,0.0
17-03-2017,0.0
18-03-2017,21.3
19-03-2017,2.4
20-03-2017,14.2
21-03-2017,19.6
22-03-2017,0.4
23-03-2017,1.7
24-03-2017,4.3
25-03-2017,5.4
26-03-2017,5.4
27-03-2017,0.0
28-03-2017,0.0
29-03-2017,4.8
30-03-2017,8.2
31-03-2017,0.8
01-04-2017,0.3
02-04-2017,1.7
03-04-2017,1.8
04-04-2017,0.0
05-04-2017,10.0
06-04-2017,12.3
07-04-2017,8.1
08-04-2017,0.0
09-04-2017,0.0
10-04-2017,5.9
11-04-2017,10.3
12-04-2017,4.8
13-04-2017,29.2
14-04-2017,29.2
15-04-2017,0.0
16-04-2017,7.2
17-04-2017,15.0
18-04-2017,0.0
19-04-2017,6.3
20-04-2017,0.0
21-04-2017,0.0
22-04-2017,7.3
23-04-2017,4.2
24-04-2017,55.6
25-04-2017,55.6
26-04-2017,1.9
27-04-2017,15.0
28-04-2017,27.6
29-04-2017,0.2
30-04-2017,2.2
01-05-2017,2.2
02-05-2017,2.2
03-05-2017,3.0
04-05-2017,0.0
05-05-2017,26.7
06-05-2017,0.0
07-05-2017,31.2
08-05-2017,1.3
09-05-2017,0.0
10-05-2017,0.0
11-05-2017,51.1
12-05-2017,10.0
13-05-2017,4.4
14-05-2017,22.4
15-05-2017,0.0
16-05-2017,0.0
17-05-2017,39.2
18-05-2017,0.2
19-05-2017,21.2
20-05-2017,1.0
21-05-2017,2.6
22-05-2017,0.0
23-05-2017,0.0
24-05-2017,0.0
25-05-2017,34.2
26-05-2017,34.2
27-05-2017,34.2
28-05-2017,0.3
29-05-2017,0.0
30-05-2017,0.0
31-05-2017,0.0
01-06-2017,0.0
02-06-2017,20.8
03-06-2017,2.1
04-06-2017,2.1
05-06-2017,0.0
06-06-2017,0.0
07-06-2017,0.0
08-06-2017,0.0
09-06-2017,0.0
10-06-2017,0.0
11-06-2017,0.0
12-06-2017,0.0
13-06-2017,0.0
14-06-2017,0.0
15-06-2017,0.0
16-06-2017,0.0
17-06-2017,0.0
18-06-2017,0.0
19-06-2017,0.4
20-06-2017,19.1
21-06-2017,19.1
22-06-2017,0.7
23-06-2017,0.7
24-06-2017,0.2
25-06-2017,0.2
26-06-2017,0.0
27-06-2017,0.0
28-06-2017,0.2
29-06-2017,0.0
30-06-2017,1.5
01-07-2017,9.6
02-07-2017,5.8
03-07-2017,5.8
04-07-2017,0.0
05-07-2017,0.0
06-07-2017,32.0
07-07-2017,19.0
08-07-2017,0.0
09-07-2017,46.8
10-07-2017,30.0
11-07-2017,5.4
12-07-2017,0.0
13-07-2017,29.0
14-07-2017,7.4
15-07-2017,1.1
16-07-2017,1.1
17-07-2017,0.4
18-07-2017,3.3
19-07-2017,31.0
20-07-2017,0.0
21-07-2017,0.5
22-07-2017,0.0
23-07-2017,0.0
24-07-2017,0.0
25-07-2017,0.0
26-07-2017,0.0
27-07-2017,0.0
28-07-2017,0.0
29-07-2017,0.0
30-07-2017,0.0
31-07-2017,0.0
01-08-2017,0.0
02-08-2017,1.0
03-08-2017,1.0
04-08-2017,0.0
05-08-2017,0.0
06-08-2017,0.0
07-08-2017,47.2
08-08-2017,3.8
09-08-2017,0.9
10-08-2017,1.9
11-08-2017,8.4
12-08-2017,8.0
13-08-2017,17.0
14-08-2017,1.2
15-08-2017,11.8
16-08-2017,0.0
17-08-2017,55.8
18-08-2017,0.0
19-08-2017,0.0
20-08-2017,0.0
21-08-2017,0.0
22-08-2017,38.8
23-08-2017,4.9
24-08-2017,0.0
25-08-2017,2.2
26-08-2017,20.8
27-08-2017,0.2
28-08-2017,0.8
29-08-2017,42.2
30-08-2017,19.4
31-08-2017,1.8
01-09-2017,8.0
02-09-2017,8.0
03-09-2017,18.4
04-09-2017,3.6
05-09-2017,17.8
06-09-2017,11.3
07-09-2017,128.8
08-09-2017,1.4
09-09-2017,1.4
10-09-2017,4.0
11-09-2017,21.8
12-09-2017,17.8
13-09-2017,40.9
14-09-2017,0.0
15-09-2017,0.0
16-09-2017,3.8
17-09-2017,39.8
18-09-2017,35.6
19-09-2017,13.8
20-09-2017,0.0
21-09-2017,0.0
22-09-2017,0.0
23-09-2017,0.0
24-09-2017,44.8
25-09-2017,0.0
26-09-2017,0.0
27-09-2017,0.0
28-09-2017,0.3
29-09-2017,0.5
30-09-2017,0.0
01-10-2017,0.0
02-10-2017,17.2
03-10-2017,0.0
04-10-2017,29.6
05-10-2017,15.0
06-10-2017,7.8
07-10-2017,0.0
08-10-2017,24.0
09-10-2017,0.0
10-10-2017,20.0
11-10-2017,53.8
12-10-2017,3.6
13-10-2017,2.5
14-10-2017,4.8
15-10-2017,7.4
16-10-2017,7.4
17-10-2017,0.3
18-10-2017,20.3
19-10-2017,0.0
20-10-2017,0.0
21-10-2017,18.4
22-10-2017,0.0
23-10-2017,0.0
24-10-2017,0.1
25-10-2017,24.0
26-10-2017,1.9
27-10-2017,1.0
28-10-2017,39.2
29-10-2017,0.0
30-10-2017,1.3
31-10-2017,3.9
01-11-2017,10.1
02-11-2017,5.8
03-11-2017,5.8
04-11-2017,7.7
05-11-2017,30.0
06-11-2017,30.0
07-11-2017,30.0
08-11-2017,0.7
09-11-2017,57.9
10-11-2017,8.9
11-11-2017,2.4
12-11-2017,2.7
13-11-2017,29.3
14-11-2017,0.0
15-11-2017,0.0
16-11-2017,15.2
17-11-2017,0.0
18-11-2017,19.9
19-11-2017,0.0
20-11-2017,0.0
21-11-2017,14.2
22-11-2017,14.2
23-11-2017,18.0
24-11-2017,1.0
25-11-2017,17.0
26-11-2017,7.0
27-11-2017,62.5
28-11-2017,4.8
29-11-2017,4.8
30-11-2017,1.5
01-12-2017,1.5
02-12-2017,0.0
03-12-2017,24.0
04-12-2017,24.0
05-12-2017,0.0
06-12-2017,18.0
07-12-2017,0.1
08-12-2017,0.1
09-12-2017,14.1
10-12-2017,0.1
11-12-2017,8.0
12-12-2017,17.3
13-12-2017,1.3
14-12-2017,1.3
15-12-2017,1.3
16-12-2017,0.0
17-12-2017,0.0
18-12-2017,1.2
19-12-2017,2.6
20-12-2017,2.6
21-12-2017,2.6
22-12-2017,0.0
23-12-2017,0.0
24-12-2017,0.0
25-12-2017,0.0
26-12-2017,0.0
27-12-2017,14.3
28-12-2017,11.9
29-12-2017,11.9
30-12-2017,11.9
31-12-2017,4.5
01-01-2018,29.0
02-01-2018,29.0
03-01-2018,29.0
04-01-2018,11.8
05-01-2018,0.1
06-01-2018,0.3
07-01-2018,57.7
08-01-2018,57.7
09-01-2018,40.0
10-01-2018,10.3
11-01-2018,26.0
12-01-2018,14.0
13-01-2018,0.8
14-01-2018,15.0
15-01-2018,0.0
16-01-2018,0.0
17-01-2018,0.0
18-01-2018,24.0
19-01-2018,25.4
20-01-2018,3.1
21-01-2018,3.1
22-01-2018,1.5
23-01-2018,2.4
24-01-2018,2.4
25-01-2018,0.0
26-01-2018,12.4
27-01-2018,7.8
28-01-2018,6.2
29-01-2018,0.0
30-01-2018,21.1
31-01-2018,0.0
01-02-2018,0.0
02-02-2018,2.6
03-02-2018,1.0
04-02-2018,1.0
05-02-2018,153.4
06-02-2018,16.2
07-02-2018,2.0
08-02-2018,2.0
09-02-2018,0.0
10-02-2018,0.0
11-02-2018,0.0
12-02-2018,0.0
13-02-2018,0.8
14-02-2018,0.0
15-02-2018,0.0
16-02-2018,12.0
17-02-2018,0.0
18-02-2018,0.0
19-02-2018,0.0
20-02-2018,0.0
21-02-2018,0.0
22-02-2018,1.5
23-02-2018,8.8
24-02-2018,14.8
25-02-2018,1.5
26-02-2018,0.7
27-02-2018,1.2
28-02-2018,5.6
01-03-2018,4.0
02-03-2018,10.0
03-03-2018,1.4
04-03-2018,0.2
05-03-2018,0.0
06-03-2018,0.6
07-03-2018,32.8
08-03-2018,10.0
09-03-2018,0.0
10-03-2018,0.0
11-03-2018,5.0
12-03-2018,3.1
13-03-2018,108.8
14-03-2018,0.0
15-03-2018,0.0
16-03-2018,2.2
17-03-2018,26.0
18-03-2018,0.0
19-03-2018,25.7
20-03-2018,25.7
21-03-2018,0.0
22-03-2018,16.9
23-03-2018,0.0
24-03-2018,13.2
25-03-2018,32.2
26-03-2018,8.2
27-03-2018,7.6
28-03-2018,5.2
29-03-2018,34.9
30-03-2018,11.3
31-03-2018,2.4
01-04-2018,0.0
02-04-2018,4.0
03-04-2018,4.0
04-04-2018,0.0
05-04-2018,31.8
06-04-2018,0.7
07-04-2018,39.5
08-04-2018,39.5
09-04-2018,0.0
10-04-2018,0.0
11-04-2018,0.0
12-04-2018,4.2
13-04-2018,2.7
14-04-2018,12.3
15-04-2018,23.0
16-04-2018,23.0
17-04-2018,53.0
18-04-2018,20.1
19-04-2018,43.2
20-04-2018,34.9
21-04-2018,17.2
22-04-2018,20.2
23-04-2018,0.0
24-04-2018,0.0
25-04-2018,0.0
26-04-2018,0.0
27-04-2018,0.0
28-04-2018,0.0
29-04-2018,0.0
30-04-2018,0.0
01-05-2018,0.0
02-05-2018,0.2
03-05-2018,0.0
04-05-2018,8.0
05-05-2018,0.0
06-05-2018,0.6
07-05-2018,2.0
08-05-2018,2.4
09-05-2018,7.4
10-05-2018,0.0
11-05-2018,0.0
12-05-2018,0.0
13-05-2018,30.5
14-05-2018,0.2
15-05-2018,8.6
16-05-2018,49.2
17-05-2018,11.8
18-05-2018,11.8
19-05-2018,2.6
20-05-2018,8.8
21-05-2018,0.6
22-05-2018,1.6
23-05-2018,2.4
24-05-2018,16.2
25-05-2018,0.0
26-05-2018,42.2
27-05-2018,0.0
28-05-2018,130.0
29-05-2018,2.6
30-05-2018,2.6
31-05-2018,21.2
01-06-2018,0.4
02-06-2018,1.2
03-06-2018,0.0
04-06-2018,0.0
05-06-2018,0.0
06-06-2018,0.0
07-06-2018,0.0
08-06-2018,0.0
09-06-2018,0.0
10-06-2018,81.2
11-06-2018,0.0
12-06-2018,0.0
13-06-2018,0.6
14-06-2018,0.0
15-06-2018,0.0
16-06-2018,1.0
17-06-2018,0.0
18-06-2018,0.0
19-06-2018,0.0
20-06-2018,0.0
21-06-2018,0.0
22-06-2018,0.0
23-06-2018,0.8
24-06-2018,0.3
25-06-2018,15.2
26-06-2018,37.0
27-06-2018,0.4
28-06-2018,3.2
29-06-2018,36.2
30-06-2018,36.2
01-07-2018,9.2
02-07-2018,1.9
03-07-2018,23.0
04-07-2018,22.2
05-07-2018,2.4
06-07-2018,0.0
07-07-2018,0.0
08-07-2018,0.0
09-07-2018,0.0
10-07-2018,0.0
11-07-2018,0.0
12-07-2018,0.0
13-07-2018,0.0
14-07-2018,0.0
15-07-2018,0.0
16-07-2018,0.0
17-07-2018,0.0
18-07-2018,0.0
19-07-2018,0.0
20-07-2018,0.0
21-07-2018,0.0
22-07-2018,10.2
23-07-2018,0.0
24-07-2018,0.0
25-07-2018,0.0
26-07-2018,48.8
27-07-2018,0.3
28-07-2018,0.0
29-07-2018,51.6
30-07-2018,0.6
31-07-2018,3.4
01-08-2018,70.0
02-08-2018,11.8
03-08-2018,0.0
04-08-2018,0.0
05-08-2018,0.0
06-08-2018,0.0
07-08-2018,0.0
08-08-2018,2.8
09-08-2018,4.6
10-08-2018,4.6
11-08-2018,0.0
12-08-2018,0.0
13-08-2018,0.0
14-08-2018,0.0
15-08-2018,0.0
16-08-2018,0.0
17-08-2018,0.0
18-08-2018,0.0
19-08-2018,0.0
20-08-2018,0.0
21-08-2018,0.0
22-08-2018,0.0
23-08-2018,0.0
24-08-2018,0.2
25-08-2018,0.2
26-08-2018,0.0
27-08-2018,0.0
28-08-2018,0.0
29-08-2018,2.2
30-08-2018,32.2
31-08-2018,0.0
01-09-2018,78.0
02-09-2018,7.2
03-09-2018,14.9
04-09-2018,0.0
05-09-2018,0.0
06-09-2018,2.0
07-09-2018,0.0
08-09-2018,0.0
09-09-2018,7.9
10-09-2018,0.0
11-09-2018,27.4
12-09-2018,0.5
13-09-2018,0.0
14-09-2018,0.0
15-09-2018,0.0
16-09-2018,0.0
17-09-2018,0.0
18-09-2018,0.0
19-09-2018,13.4
20-09-2018,4.0
21-09-2018,0.0
22-09-2018,0.0
23-09-2018,0.0
24-09-2018,0.0
25-09-2018,3.0
26-09-2018,16.4
27-09-2018,8.3
28-09-2018,0.0
29-09-2018,0.0
30-09-2018,0.0
01-10-2018,0.0
02-10-2018,48.8
03-10-2018,5.4
04-10-2018,0.0
05-10-2018,0.0
06-10-2018,13.2
07-10-2018,34.6
08-10-2018,24.0
09-10-2018,0.0
10-10-2018,4.0
11-10-2018,12.0
12-10-2018,4.4
13-10-2018,173.9
14-10-2018,64.2
15-10-2018,0.0
16-10-2018,0.0
17-10-2018,0.0
18-10-2018,7.2
19-10-2018,26.4
20-10-2018,6.6
21-10-2018,15.5
22-10-2018,0.0
23-10-2018,0.0
24-10-2018,0.0
25-10-2018,40.0
26-10-2018,18.5
27-10-2018,8.8
28-10-2018,0.0
29-10-2018,0.0
30-10-2018,0.0
31-10-2018,0.0
01-11-2018,0.0
02-11-2018,71.4
03-11-2018,7.2
04-11-2018,23.9
05-11-2018,12.0
06-11-2018,7.3
07-11-2018,6.4
08-11-2018,0.0
09-11-2018,23.0
10-11-2018,0.0
11-11-2018,33.5
12-11-2018,0.2
13-11-2018,7.8
14-11-2018,1.0
15-11-2018,0.0
16-11-2018,0.0
17-11-2018,48.6
18-11-2018,48.6
19-11-2018,5.0
20-11-2018,0.0
21-11-2018,22.4
22-11-2018,16.2
23-11-2018,14.6
24-11-2018,6.8
25-11-2018,8.6
26-11-2018,6.5
27-11-2018,0.0
28-11-2018,0.0
29-11-2018,0.4
30-11-2018,96.4
01-12-2018,0.0
02-12-2018,48.2
03-12-2018,0.0
04-12-2018,6.4
05-12-2018,0.0
06-12-2018,16.6
07-12-2018,11.8
08-12-2018,30.0
09-12-2018,19.6
10-12-2018,0.0
11-12-2018,16.8
12-12-2018,20.4
13-12-2018,1.6
14-12-2018,29.8
15-12-2018,0.0
16-12-2018,4.6
17-12-2018,3.6
18-12-2018,2.0
19-12-2018,6.0
20-12-2018,46.5
21-12-2018,11.4
22-12-2018,6.0
23-12-2018,0.0
24-12-2018,0.0
25-12-2018,1.6
26-12-2018,0.4
27-12-2018,5.8
28-12-2018,2.8
29-12-2018,9.6
30-12-2018,6.5
31-12-2018,14.6
01-01-2019,1.2
02-01-2019,16.0
03-01-2019,4.0
04-01-2019,0.0
05-01-2019,18.8
06-01-2019,0.0
07-01-2019,18.0
08-01-2019,11.6
09-01-2019,2.8
10-01-2019,0.0
11-01-2019,0.0
12-01-2019,0.0
13-01-2019,14.4
14-01-2019,7.8
15-01-2019,0.0
16-01-2019,0.0
17-01-2019,0.0
18-01-2019,0.8
19-01-2019,14.2
20-01-2019,8.0
21-01-2019,54.2
22-01-2019,44.2
23-01-2019,3.4
24-01-2019,3.4
25-01-2019,0.0
26-01-2019,0.0
27-01-2019,1.4
28-01-2019,0.0
29-01-2019,21.2
30-01-2019,21.6
31-01-2019,3.0
01-02-2019,0.5
02-02-2019,37.8
03-02-2019,0.2
04-02-2019,1.2
05-02-2019,9.2
06-02-2019,0.0
07-02-2019,24.2
08-02-2019,0.0
09-02-2019,0.0
10-02-2019,7.8
11-02-2019,0.0
12-02-2019,49.2
13-02-2019,4.8
14-02-2019,15.4
15-02-2019,9.4
16-02-2019,0.2
17-02-2019,41.4
18-02-2019,61.8
19-02-2019,61.8
20-02-2019,0.0
21-02-2019,70.4
22-02-2019,0.0
23-02-2019,0.0
24-02-2019,0.4
25-02-2019,21.2
26-02-2019,0.0
27-02-2019,28.2
28-02-2019,0.0
01-03-2019,78.0
02-03-2019,0.6
03-03-2019,55.2
04-03-2019,13.8
05-03-2019,0.0
06-03-2019,21.8
07-03-2019,37.0
08-03-2019,0.8
09-03-2019,31.0
10-03-2019,3.2
11-03-2019,26.4
12-03-2019,0.0
13-03-2019,0.0
14-03-2019,0.0
15-03-2019,6.6
16-03-2019,13.4
17-03-2019,0.0
18-03-2019,0.0
19-03-2019,3.8
20-03-2019,0.0
21-03-2019,0.0
22-03-2019,0.0
23-03-2019,0.0
24-03-2019,0.0
25-03-2019,0.0
26-03-2019,13.4
27-03-2019,0.0
28-03-2019,96.5
29-03-2019,21.0
30-03-2019,0.0
31-03-2019,9.0
01-04-2019,2.0
02-04-2019,41.6
03-04-2019,15.8
04-04-2019,3.4
05-04-2019,0.0
06-04-2019,0.0
07-04-2019,1.6
08-04-2019,0.0
09-04-2019,0.0
10-04-2019,0.0
11-04-2019,3.2
12-04-2019,3.2
13-04-2019,50.8
14-04-2019,9.6
15-04-2019,0.0
16-04-2019,2.6
17-04-2019,47.3
18-04-2019,0.0
19-04-2019,5.7
20-04-2019,56.2
21-04-2019,6.0
22-04-2019,0.0
23-04-2019,17.8
24-04-2019,17.8
25-04-2019,67.6
26-04-2019,2.0
27-04-2019,10.0
28-04-2019,45.0
29-04-2019,4.4
30-04-2019,0.0
01-05-2019,0.0
02-05-2019,0.4
03-05-2019,0.0
04-05-2019,0.0
05-05-2019,5.6
06-05-2019,5.6
07-05-2019,0.2
08-05-2019,0.0
09-05-2019,0.0
10-05-2019,0.0
11-05-2019,4.0
12-05-2019,0.0
13-05-2019,0.0
14-05-2019,8.0
15-05-2019,0.2
16-05-2019,0.0
17-05-2019,29.2
18-05-2019,21.2
19-05-2019,0.8
20-05-2019,9.8
21-05-2019,6.6
22-05-2019,0.2
23-05-2019,0.0
24-05-2019,0.0
25-05-2019,0.0
26-05-2019,0.0
27-05-2019,0.0
28-05-2019,0.2
29-05-2019,0.0
30-05-2019,2.4
31-05-2019,0.6
01-06-2019,0.0
02-06-2019,30.6
03-06-2019,45.2
04-06-2019,2.5
05-06-2019,0.0
06-06-2019,0.0
07-06-2019,18.0
08-06-2019,37.0
09-06-2019,2.8
10-06-2019,0.0
11-06-2019,0.0
12-06-2019,11.0
13-06-2019,3.4
14-06-2019,0.8
15-06-2019,0.0
16-06-2019,0.8
17-06-2019,0.8
18-06-2019,0.8
19-06-2019,4.8
20-06-2019,32.6
21-06-2019,0.0
22-06-2019,2.0
23-06-2019,0.0
24-06-2019,0.0
25-06-2019,0.0
26-06-2019,0.0
27-06-2019,3.3
28-06-2019,6.2
29-06-2019,0.0
30-06-2019,0.0
01-07-2019,0.0
02-07-2019,0.0
03-07-2019,0.0
04-07-2019,28.4
05-07-2019,0.0
06-07-2019,0.0
07-07-2019,0.0
08-07-2019,0.0
09-07-2019,0.0
10-07-2019,0.0
11-07-2019,0.0
12-07-2019,5.2
13-07-2019,5.2
14-07-2019,0.0
15-07-2019,0.0
16-07-2019,0.0
17-07-2019,0.0
18-07-2019,0.0
19-07-2019,0.0
20-07-2019,0.6
21-07-2019,6.4
22-07-2019,18.6
23-07-2019,0.4
24-07-2019,0.0
25-07-2019,0.0
26-07-2019,10.0
27-07-2019,0.4
28-07-2019,0.4
29-07-2019,0.0
30-07-2019,0.0
31-07-2019,0.0
01-08-2019,0.0
02-08-2019,0.0
03-08-2019,0.0
04-08-2019,0.0
05-08-2019,0.0
06-08-2019,0.0
07-08-2019,0.0
08-08-2019,0.0
09-08-2019,0.0
10-08-2019,0.0
11-08-2019,0.0
12-08-2019,0.0
13-08-2019,0.0
14-08-2019,0.0
15-08-2019,28.4
16-08-2019,14.6
17-08-2019,0.0
18-08-2019,0.0
19-08-2019,0.0
20-08-2019,0.0
21-08-2019,0.0
22-08-2019,0.0
23-08-2019,26.1
24-08-2019,0.0
25-08-2019,0.2
26-08-2019,0.2
27-08-2019,31.4
28-08-2019,32.6
29-08-2019,2.4
30-08-2019,0.0
31-08-2019,0.0
01-09-2019,13.6
02-09-2019,0.2
03-09-2019,0.0
04-09-2019,0.0
05-09-2019,0.0
06-09-2019,0.0
07-09-2019,0.0
08-09-2019,0.0
09-09-2019,0.0
10-09-2019,0.0
11-09-2019,21.4
12-09-2019,0.0
13-09-2019,0.4
14-09-2019,0.0
15-09-2019,0.0
16-09-2019,0.0
17-09-2019,0.0
18-09-2019,0.0
19-09-2019,0.0
20-09-2019,0.0
21-09-2019,0.0
22-09-2019,0.0
23-09-2019,17.2
24-09-2019,17.6
25-09-2019,0.0
26-09-2019,0.0
27-09-2019,2.0
28-09-2019,6.6
29-09-2019,15.6
30-09-2019,28.2
01-10-2019,2.0
02-10-2019,0.6
03-10-2019,9.8
04-10-2019,19.0
05-10-2019,6.4
06-10-2019,0.0
07-10-2019,0.0
08-10-2019,0.0
09-10-2019,0.0
10-10-2019,0.6
11-10-2019,0.6
12-10-2019,0.0
13-10-2019,12.0
14-10-2019,1.8
15-10-2019,2.2
16-10-2019,0.0
17-10-2019,3.0
18-10-2019,3.0
19-10-2019,1.4
20-10-2019,9.4
21-10-2019,1.8
22-10-2019,5.6
23-10-2019,17.6
24-10-2019,11.8
25-10-2019,33.4
26-10-2019,5.4
27-10-2019,5.4
28-10-2019,21.2
29-10-2019,0.2
30-10-2019,7.6
31-10-2019,0.2
01-11-2019,0.2
02-11-2019,1.0
03-11-2019,4.0
04-11-2019,35.4
05-11-2019,0.4
06-11-2019,4.0
07-11-2019,0.0
08-11-2019,0.0
09-11-2019,60.2
10-11-2019,0.2
11-11-2019,0.0
12-11-2019,0.0
13-11-2019,44.0
14-11-2019,2.4
15-11-2019,0.0
16-11-2019,0.6
17-11-2019,0.2
18-11-2019,0.0
19-11-2019,82.8
20-11-2019,0.0
21-11-2019,0.6
22-11-2019,13.8
23-11-2019,0.0
24-11-2019,0.0
25-11-2019,4.4
26-11-2019,58.0
27-11-2019,0.0
28-11-2019,25.0
29-11-2019,55.4
30-11-2019,32.0
01-12-2019,0.2
02-12-2019,8.2
03-12-2019,40.0
04-12-2019,0.0
05-12-2019,0.0
06-12-2019,16.0
07-12-2019,3.8
08-12-2019,3.0
09-12-2019,35.8
10-12-2019,1.0
11-12-2019,29.4
12-12-2019,62.6
13-12-2019,0.8
14-12-2019,0.4
15-12-2019,5.2
16-12-2019,63.2
17-12-2019,3.6
18-12-2019,14.4
19-12-2019,29.2
20-12-2019,0.0
21-12-2019,0.0
22-12-2019,32.6
23-12-2019,14.4
24-12-2019,21.0
25-12-2019,0.0
26-12-2019,1.4
27-12-2019,0.0
28-12-2019,0.2
29-12-2019,41.4
30-12-2019,41.4
31-12-2019,0.0
01-01-2020,8.6
02-01-2020,14.6
03-01-2020,14.6
04-01-2020,2.6
05-01-2020,0.4
06-01-2020,10.8
07-01-2020,10.8
08-01-2020,8.6
09-01-2020,0.0
10-01-2020,0.0
11-01-2020,33.2
12-01-2020,13.8
13-01-2020,3.8
14-01-2020,0.0
15-01-2020,0.0
16-01-2020,13.2
17-01-2020,4.0
18-01-2020,0.0
19-01-2020,32.4
20-01-2020,7.4
21-01-2020,0.2
22-01-2020,0.0
23-01-2020,1.8
24-01-2020,136.2
25-01-2020,80.8
26-01-2020,0.0
27-01-2020,2.0
28-01-2020,4.0
29-01-2020,2.2
30-01-2020,2.4
31-01-2020,17.0
01-02-2020,0.0
02-02-2020,0.0
03-02-2020,6.8
04-02-2020,1.4
05-02-2020,2.0
06-02-2020,0.2
07-02-2020,0.2
08-02-2020,0.0
09-02-2020,0.0
10-02-2020,0.2
11-02-2020,0.0
12-02-2020,9.6
13-02-2020,2.4
14-02-2020,0.0
15-02-2020,0.6
16-02-2020,44.2
17-02-2020,130.8
18-02-2020,0.0
19-02-2020,0.0
20-02-2020,28.8
21-02-2020,13.0
22-02-2020,27.6
23-02-2020,4.0
24-02-2020,1.0
25-02-2020,1.0
26-02-2020,37.2
27-02-2020,5.2
28-02-2020,3.2
29-02-2020,13.6
01-03-2020,0.0
02-03-2020,10.2
03-03-2020,26.0
04-03-2020,41.0
05-03-2020,13.2
06-03-2020,42.8
07-03-2020,0.0
08-03-2020,14.0
09-03-2020,14.0
10-03-2020,1.0
11-03-2020,0.0
12-03-2020,0.0
13-03-2020,0.0
14-03-2020,25.0
15-03-2020,0.0
16-03-2020,8.4
17-03-2020,26.0
18-03-2020,0.0
19-03-2020,16.0
20-03-2020,71.8
21-03-2020,1.2
22-03-2020,0.2
23-03-2020,0.0
24-03-2020,0.6
25-03-2020,0.0
26-03-2020,74.2
27-03-2020,1.0
28-03-2020,0.0
29-03-2020,35.0
30-03-2020,6.8
31-03-2020,2.2
01-04-2020,0.0
02-04-2020,0.0
03-04-2020,0.0
04-04-2020,0.0
05-04-2020,1.6
06-04-2020,7.8
07-04-2020,0.6
08-04-2020,0.0
09-04-2020,0.0
10-04-2020,0.0
11-04-2020,0.2
12-04-2020,24.2
13-04-2020,0.0
14-04-2020,0.0
15-04-2020,0.0
16-04-2020,0.0
17-04-2020,27.0
18-04-2020,22.4
19-04-2020,0.2
20-04-2020,0.2
21-04-2020,4.6
22-04-2020,24.2
23-04-2020,0.0
24-04-2020,0.4
25-04-2020,7.8
26-04-2020,5.8
27-04-2020,0.0
28-04-2020,8.4
29-04-2020,5.4
30-04-2020,3.2
01-05-2020,5.2
