Date,DailyAverageTemp,DailyAveragePressure,DailyAverageWindspeed,DailyDepartureFromNormalAverageTemperature,DailyMaxTemp,DailyMinTemp,DailyPrecipitation
2015-01-01,48,29.75,3.7,-7,57,38,0
2015-01-02,48,29.76,3.6,-7,57,38,0
2015-01-03,51,29.85,3.3,-4.1,60,42,0
2015-01-04,53,29.91,2.3,-2.1,63,42,0
2015-01-05,62,29.82,2.6,6.8,77,47,0
2015-01-06,67,29.78,2.6,11.8,83,50,0
2015-01-07,62,29.72,2.1,6.8,74,50,0
2015-01-08,62,29.67,2.4,6.7,69,54,0
2015-01-09,60,29.65,2.5,4.7,66,54,0
2015-01-10,60,29.63,2,4.7,69,51,0
2015-01-11,58,29.67,1.2,2.7,60,56,0.43
2015-01-12,59,29.77,2.1,3.6,65,52,0
2015-01-13,58,29.72,2.3,2.6,64,52,0
2015-01-14,59,29.78,3.1,3.6,71,47,0
2015-01-15,61,29.83,3.5,5.6,74,48,0
2015-01-16,59,29.77,2.7,3.5,70,47,0
2015-01-17,61,29.8,3.1,5.5,71,50,0
2015-01-18,62,29.82,2.1,6.5,72,51,0
2015-01-19,57,29.73,2.1,1.5,65,48,0
2015-01-20,55,29.62,2.2,-0.5,58,51,0
2015-01-21,59,29.65,3.3,3.5,64,53,0
2015-01-22,60,29.82,2.7,4.5,75,45,0
2015-01-23,61,29.8,2.9,5.5,74,47,0
2015-01-24,66,29.66,4,10.4,82,50,0
2015-01-25,67,29.65,1.8,11.4,82,52,0
2015-01-26,65,29.67,5.2,9.4,74,55,0.07
2015-01-27,61,29.78,2,5.4,70,52,0
2015-01-28,64,29.72,1.7,8.4,75,52,0
2015-01-29,66,29.65,2.8,10.4,72,59,0
2015-01-30,61,29.54,2.4,5.4,65,57,0
2015-01-31,59,29.54,3,3.4,65,52,0
2015-02-01,60,29.7,3.5,4.4,70,50,0
2015-02-02,59,29.69,2.1,3.4,69,49,0
2015-02-03,57,29.7,3,1.4,67,46,0
2015-02-04,57,29.72,2.1,1.4,64,49,0
2015-02-05,59,29.68,2.3,3.4,68,49,0
2015-02-06,60,29.75,2,4.4,72,48,0
2015-02-07,58,29.78,2.7,2.3,69,47,0
2015-02-08,65,29.75,3.2,9.3,73,56,0
2015-02-09,61,29.72,4,5.3,68,54,0
2015-02-10,59,29.59,3.1,3.3,67,50,0
2015-02-11,69,29.64,3.5,13.3,83,54,0
2015-02-12,72,29.68,8.1,16.3,87,57,0
2015-02-13,70,29.66,3.5,14.2,83,57,0
2015-02-14,70,29.65,3.2,14.2,82,58,0
2015-02-15,65,29.6,2.8,9.2,74,56,0
2015-02-16,57,29.63,3.6,1.2,63,50,0
2015-02-17,60,29.72,3.8,4.1,64,56,0
2015-02-18,61,29.75,3.3,5.1,65,56,0
2015-02-19,59,29.7,2.7,3.1,64,53,0
2015-02-20,62,29.62,3.9,6,66,58,0
2015-02-21,63,29.57,5.9,7,67,59,0
2015-02-22,59,29.52,8.7,3,63,54,0.21
2015-02-23,57,29.67,5.4,0.9,63,51,0.08
2015-02-24,57,29.82,4,0.9,67,47,0
2015-02-25,58,29.74,3.6,1.9,66,49,0
2015-02-26,56,29.54,3.5,-0.2,65,47,0
2015-02-27,59,29.45,9,2.8,65,53,0
2015-02-28,59,29.51,6.2,2.8,63,54,0.07
2015-03-01,54,29.57,5.9,-2.3,56,52,1.13
2015-03-02,54,29.57,5.7,-2.3,58,49,0.52
2015-03-03,54,29.56,4.1,-2.3,63,45,0
2015-03-04,56,29.7,3.1,-0.3,66,46,0
2015-03-05,58,29.82,4,1.6,69,46,0
2015-03-06,65,29.69,5.5,8.6,81,48,0
2015-03-07,67,29.62,3.3,10.5,82,51,0
2015-03-08,61,29.64,4.6,4.5,70,52,0
2015-03-09,60,29.58,2.9,3.5,64,55,0
2015-03-10,62,29.59,2.1,5.4,72,51,0
2015-03-11,64,29.7,4.1,7.4,71,56,0
2015-03-12,65,29.65,2.5,8.4,74,55,0
2015-03-13,75,29.65,4.4,18.3,90,60,0
2015-03-14,78,29.65,4.5,21.3,93,63,0
2015-03-15,78,29.62,4.4,21.3,91,65,0
2015-03-16,76,29.56,4.5,19.2,88,64,0
2015-03-17,69,29.58,4.4,12.2,77,61,0
2015-03-18,65,29.61,6.9,8.2,69,60,0
2015-03-19,64,29.63,3.9,7.1,69,59,0
2015-03-20,63,29.7,3.9,6.1,69,57,0
2015-03-21,63,29.75,3.8,6,68,58,0
2015-03-22,63,29.8,3.3,6,67,58,0
2015-03-23,61,29.78,4.4,3.9,67,55,0
2015-03-24,61,29.69,4.5,3.9,68,54,0
2015-03-25,64,29.67,3.8,6.8,72,56,0
2015-03-26,71,29.67,3.4,13.8,84,58,0
2015-03-27,71,29.69,3.3,13.7,83,58,0
2015-03-28,64,29.68,3.6,6.7,71,56,0
2015-03-29,65,29.66,3.8,7.6,71,58,0
2015-03-30,63,29.64,2.9,5.5,70,55,0
2015-03-31,63,29.63,5.2,5.5,68,57,0
2015-04-01,65,29.6,5.4,7.4,69,60,0
2015-04-02,63,29.62,3.9,5.3,68,57,0
2015-04-03,67,29.64,4.2,9.3,80,54,0
2015-04-04,67,29.56,4.2,9.2,77,56,0
2015-04-05,64,29.53,7,6.1,68,59,0
2015-04-06,59,29.61,5,1,63,55,0
2015-04-07,57,29.67,6.4,-1.1,64,50,0.01
2015-04-08,58,29.66,3.9,-0.2,64,52,0
2015-04-09,60,29.6,4.9,1.7,67,52,0
2015-04-10,59,29.62,4.1,0.6,65,53,0
2015-04-11,59,29.57,4.3,0.5,66,52,0
2015-04-12,61,29.61,5.3,2.4,68,54,0
2015-04-13,63,29.7,4.6,4.3,68,58,0
2015-04-14,64,29.67,4,5.2,68,59,0
2015-04-15,63,29.57,4.5,4.1,71,54,0
2015-04-16,67,29.62,4.6,8,80,53,0
2015-04-17,65,29.65,4.8,5.9,76,54,0
2015-04-18,63,29.62,5.4,3.8,72,53,0
2015-04-19,62,29.56,4,2.7,67,56,0
2015-04-20,62,29.53,4.7,2.5,65,59,0
2015-04-21,63,29.55,4.7,3.4,67,59,0
2015-04-22,61,29.54,5.1,1.3,65,57,0
2015-04-23,62,29.54,4.9,2.2,66,58,0.13
2015-04-24,60,29.62,5.2,0.1,63,57,0.08
2015-04-25,61,29.6,7.2,1,63,58,0.07
2015-04-26,62,29.59,4.5,1.9,67,56,0
2015-04-27,67,29.56,3.7,6.7,79,54,0
2015-04-28,69,29.57,3.5,8.6,79,58,0
2015-04-29,71,29.5,3.7,10.5,83,58,0
2015-04-30,68,29.47,3,7.4,77,59,0
2015-05-01,67,29.5,4.1,6.3,75,59,0
2015-05-02,65,29.51,6,4.2,70,59,0
2015-05-03,63,29.54,6,2.1,66,60,0
2015-05-04,62,29.59,4.9,1,65,58,0
2015-05-05,62,29.61,5.8,0.9,65,59,0
2015-05-06,61,29.53,5.9,-0.2,64,58,0
2015-05-07,60,29.53,9.6,-1.3,62,57,0.02
2015-05-08,57,29.61,5.9,-4.3,62,51,0.23
2015-05-09,60,29.69,4.3,-1.4,65,54,0
2015-05-10,61,29.62,3.6,-0.5,67,55,0
2015-05-11,63,29.52,3.9,1.4,68,58,0
2015-05-12,61,29.54,7.5,-0.7,66,56,0
2015-05-13,60,29.59,7.1,-1.7,64,56,0
2015-05-14,61,29.55,8.1,-0.8,65,56,0.31
2015-05-15,60,29.51,4.5,-1.9,65,55,0.43
2015-05-16,61,29.64,7.1,-1,65,56,0
2015-05-17,61,29.65,6.5,-1,66,56,0
2015-05-18,63,29.67,7,0.9,66,59,0
2015-05-19,61,29.67,6.5,-1.2,66,56,0
2015-05-20,62,29.6,6.3,-0.2,66,58,0
2015-05-21,62,29.61,8.3,-0.3,65,59,0
2015-05-22,63,29.67,7.6,0.6,66,59,0.1
2015-05-23,62,29.7,6.5,-0.4,66,58,0.03
2015-05-24,63,29.63,5.3,0.5,66,59,0.01
2015-05-25,62,29.62,3.8,-0.6,65,59,0
2015-05-26,63,29.62,5.4,0.4,66,60,0
2015-05-27,63,29.62,4.6,0.3,67,59,0
2015-05-28,64,29.6,4.1,1.2,67,61,0
2015-05-29,65,29.57,3.7,2.1,69,60,0
2015-05-30,64,29.57,3.5,1.1,68,60,0
2015-05-31,63,29.58,4.3,0,66,60,0
2015-06-01,64,29.63,4.3,0.9,68,60,0
2015-06-02,65,29.61,4.6,1.8,68,61,0
2015-06-03,65,29.56,6.5,1.7,68,61,0
2015-06-04,65,29.51,8.3,1.6,69,61,0
2015-06-05,63,29.52,7.7,-0.5,67,58,0
2015-06-06,65,29.54,5,1.4,69,61,0
2015-06-07,66,29.49,4.5,2.3,69,62,0
2015-06-08,68,29.49,3.8,4.2,74,62,0
2015-06-09,71,29.47,5.9,7.1,77,65,0
2015-06-10,67,29.54,6.9,3,70,63,0
2015-06-11,65,29.51,4.9,0.9,68,62,0
2015-06-12,65,29.48,4.6,0.8,68,61,0
2015-06-13,65,29.47,5.4,0.6,68,61,0
2015-06-14,66,29.45,3.8,1.5,69,63,0
2015-06-15,67,29.48,3.7,2.4,71,63,0
2015-06-16,66,29.53,5.2,1.3,69,63,0
2015-06-17,65,29.54,3.5,0.1,69,60,0
2015-06-18,66,29.55,3.6,1,71,60,0
2015-06-19,66,29.49,3.7,0.9,73,59,0
2015-06-20,68,29.48,4.9,2.7,74,61,0
2015-06-21,68,29.57,4.6,2.6,72,63,0
2015-06-22,69,29.57,4.9,3.5,74,64,0
2015-06-23,69,29.55,4.4,3.3,75,63,0
2015-06-24,68,29.54,5,2.2,74,62,0
2015-06-25,69,29.58,4.5,3.1,73,65,0
2015-06-26,70,29.59,4.5,3.9,74,66,0
2015-06-27,68,29.59,3.7,1.8,71,65,0
2015-06-28,71,29.54,4,4.7,75,67,0
2015-06-29,71,29.53,3.5,4.5,75,67,0
2015-06-30,78,29.51,4.1,11.4,89,66,0.05
2015-07-01,73,29.55,3.3,6.3,77,69,0
2015-07-02,74,29.6,4.1,7.2,80,67,0
2015-07-03,70,29.55,4.3,3,73,66,0
2015-07-04,68,29.54,4.5,0.9,71,65,0
2015-07-05,67,29.62,5.4,-0.2,69,64,0
2015-07-06,67,29.65,4.2,-0.3,70,64,0
2015-07-07,67,29.59,4,-0.4,69,64,0
2015-07-08,68,29.52,6.8,0.5,72,64,0
2015-07-09,68,29.54,6.8,0.4,71,65,0
2015-07-10,69,29.57,4.7,1.3,73,65,0
2015-07-11,68,29.61,4.8,0.2,72,64,0
2015-07-12,68,29.62,4.2,0.1,73,63,0
2015-07-13,69,29.57,3.9,1,74,63,0
2015-07-14,69,29.52,6.3,0.9,72,66,0
2015-07-15,69,29.55,5.8,0.8,73,65,0
2015-07-16,69,29.57,4.1,0.7,73,65,0
2015-07-17,70,29.5,3.8,1.6,74,65,0
2015-07-18,74,29.57,3.8,5.6,83,65,0.26
2015-07-19,79,29.64,4.2,10.5,84,73,0.55
2015-07-20,74,29.64,5.2,5.4,78,70,0
2015-07-21,72,29.55,5.4,3.4,76,68,0
2015-07-22,74,29.52,4.6,5.3,77,71,0
2015-07-23,73,29.61,4.2,4.2,77,69,0
2015-07-24,73,29.67,4.1,4.2,77,68,0
2015-07-25,73,29.61,3.6,4.1,80,66,0
2015-07-26,71,29.57,5.5,2,76,66,0
2015-07-27,70,29.55,5.5,1,73,66,0
2015-07-28,69,29.53,3.4,-0.1,74,63,0
2015-07-29,71,29.57,3.9,1.9,75,67,0
2015-07-30,73,29.64,4.6,3.8,77,69,0
2015-07-31,73,29.63,4.1,3.8,77,69,0
2015-08-01,71,29.59,4.9,1.7,74,68,0
2015-08-02,71,29.52,4.5,1.7,75,67,0
2015-08-03,72,29.52,4,2.6,76,68,0
2015-08-04,74,29.54,4.7,4.6,79,68,0
2015-08-05,75,29.54,3.7,5.5,82,67,0
2015-08-06,72,29.51,4.6,2.5,76,68,0
2015-08-07,70,29.55,4.8,0.4,73,67,0
2015-08-08,71,29.57,4.7,1.4,75,67,0
2015-08-09,70,29.59,3.8,0.3,73,67,0
2015-08-10,70,29.57,4.6,0.3,74,66,0
2015-08-11,71,29.56,3.7,1.2,74,67,0
2015-08-12,71,29.59,3.4,1.2,77,64,0
2015-08-13,74,29.57,3.4,4.2,80,68,0
2015-08-14,75,29.54,3.5,5.1,81,68,0
2015-08-15,77,29.52,3.6,7.1,84,69,0
2015-08-16,78,29.49,4.5,8.1,87,68,0
2015-08-17,74,29.55,5.6,4,78,70,0
2015-08-18,73,29.55,5,3,77,69,0
2015-08-19,72,29.54,5,2,75,68,0
2015-08-20,71,29.51,6.5,1,74,67,0
2015-08-21,71,29.52,6.2,1,74,67,0
2015-08-22,72,29.54,4.3,1.9,76,68,0
2015-08-23,71,29.59,4.2,0.9,75,67,0
2015-08-24,72,29.57,3.5,1.9,75,68,0
2015-08-25,77,29.57,3.8,6.9,86,68,0
2015-08-26,77,29.59,3.7,6.9,83,70,0
2015-08-27,78,29.57,3,7.9,86,70,0
2015-08-28,80,29.51,3.5,10,89,71,0
2015-08-29,77,29.51,4.3,7,84,70,0
2015-08-30,75,29.52,5.5,5,80,69,0
2015-08-31,72,29.53,7,2,76,68,0
2015-09-01,72,29.57,6.4,2.1,75,68,0
2015-09-02,70,29.59,5.3,0.1,73,67,0
2015-09-03,70,29.53,5.3,0.2,73,66,0
2015-09-04,70,29.51,6,0.2,73,67,0
2015-09-05,71,29.54,3.6,1.3,76,66,0
2015-09-06,72,29.53,3.4,2.3,80,64,0
2015-09-07,76,29.51,3,6.4,83,69,0
2015-09-08,79,29.46,3,9.5,86,72,0
2015-09-09,83,29.45,3.8,13.5,92,74,0
2015-09-10,86,29.49,4.5,16.6,94,78,0
2015-09-11,81,29.54,3.6,11.7,86,75,0
2015-09-12,82,29.54,4.3,12.8,88,75,0
2015-09-13,77,29.47,4.8,7.9,82,72,0
2015-09-14,76,29.48,5.6,7,80,71,0
2015-09-15,72,29.54,7.2,3.1,75,68,0.76
2015-09-16,70,29.6,4,1.2,74,66,0
2015-09-17,70,29.55,3.8,1.3,76,63,0
2015-09-18,72,29.46,2.9,3.4,78,65,0
2015-09-19,73,29.42,3.4,4.5,80,66,0
2015-09-20,80,29.41,3.7,11.6,89,70,0
2015-09-21,75,29.45,6,6.8,79,71,0
2015-09-22,74,29.54,3.4,5.9,79,69,0
2015-09-23,73,29.52,2.7,5,79,66,0
2015-09-24,75,29.51,2.7,7.1,80,69,0
2015-09-25,76,29.49,3.6,8.2,83,68,0
2015-09-26,75,29.46,3.2,7.3,82,68,0
2015-09-27,73,29.44,2.8,5.5,79,66,0
2015-09-28,73,29.51,3.2,5.6,80,65,0
2015-09-29,72,29.52,3.3,4.7,78,65,0
2015-09-30,73,29.48,2.9,5.8,81,64,0
2015-10-01,73,29.55,5.1,5.9,80,66,0
2015-10-02,71,29.49,4.3,4.1,76,65,0
2015-10-03,70,29.29,6.2,3.2,75,64,0
2015-10-04,66,29.31,6.3,-0.7,70,62,0.08
2015-10-05,66,29.54,4.7,-0.6,71,61,0.38
2015-10-06,67,29.67,4.6,0.5,74,60,0
2015-10-07,70,29.68,2.4,3.6,76,63,0
2015-10-08,72,29.59,2.7,5.7,80,64,0
2015-10-09,80,29.54,2.3,13.9,92,67,0
2015-10-10,87,29.57,5.4,21,100,74,0
2015-10-11,80,29.55,2.9,14.1,90,70,0
2015-10-12,83,29.55,3.4,17.2,93,72,0
2015-10-13,78,29.65,3.5,12.3,82,73,0
2015-10-14,77,29.59,3.5,11.4,82,71,0
2015-10-15,73,29.57,4.2,7.5,75,71,0
2015-10-16,71,29.54,3.5,5.6,73,69,0.01
2015-10-17,73,29.53,3.9,7.8,76,70,0
2015-10-18,71,29.57,4.7,5.9,74,68,0
2015-10-19,68,29.57,5.4,3,73,63,0
2015-10-20,68,29.49,4.1,3.1,73,62,0
2015-10-21,68,29.53,4.1,3.3,74,62,0
2015-10-22,68,29.59,3.6,3.4,74,62,0
2015-10-23,69,29.57,3.9,4.5,76,62,0
2015-10-24,73,29.54,2.5,8.7,85,61,0
2015-10-25,73,29.54,2.9,8.8,82,64,0
2015-10-26,70,29.55,2.8,6,78,61,0
2015-10-27,70,29.57,2.7,6.1,80,60,0
2015-10-28,69,29.51,4,5.3,75,63,0
2015-10-29,69,29.41,4.7,5.4,75,63,0
2015-10-30,72,29.5,4.1,8.6,84,59,0
2015-10-31,70,29.65,3.4,6.8,81,58,0
2015-11-01,69,29.63,2.7,6,79,58,0
2015-11-02,65,29.49,7.2,2.1,71,58,0.06
2015-11-03,61,29.49,4.3,-1.7,67,54,0.09
2015-11-04,59,29.62,5.8,-3.5,66,52,0
2015-11-05,60,29.78,4.4,-2.3,69,51,0
2015-11-06,63,29.72,3.9,0.9,74,51,0
2015-11-07,64,29.67,2.8,2.1,75,53,0
2015-11-08,61,29.62,3.6,-0.6,70,52,0
2015-11-09,62,29.64,4.4,0.6,68,55,0.04
2015-11-10,59,29.75,5.2,-2.2,64,53,0.16
2015-11-11,61,29.83,3.5,0,74,47,0
2015-11-12,59,29.66,2.6,-1.8,71,47,0
2015-11-13,60,29.6,2.9,-0.5,72,48,0
2015-11-14,64,29.57,3.6,3.7,75,52,0
2015-11-15,62,29.55,8.6,1.9,68,55,0.01
2015-11-16,56,29.63,7.4,-3.8,62,49,0
2015-11-17,55,29.76,4,-4.6,66,44,0
2015-11-18,61,29.64,3.1,1.7,73,48,0
2015-11-19,64,29.59,2.8,4.9,76,52,0
2015-11-20,64,29.56,2.5,5.1,76,52,0
2015-11-21,71,29.58,3,12.4,84,57,0
2015-11-22,71,29.56,3,12.6,82,59,0
2015-11-23,67,29.57,3,8.8,77,56,0
2015-11-24,60,29.58,4.9,2,67,52,0
2015-11-25,58,29.55,6,0.3,62,53,0.11
2015-11-26,56,29.63,5.1,-1.5,61,51,0.09
2015-11-27,55,29.65,5.5,-2.3,60,49,0.17
2015-11-28,54,29.68,3,-3.1,64,44,0
2015-11-29,57,29.74,3.7,0.1,65,48,0
2015-11-30,56,29.75,3.5,-0.7,67,44,0
2015-12-01,56,29.74,3.2,-0.6,66,45,0
2015-12-02,61,29.73,2.1,4.6,74,47,0
2015-12-03,62,29.7,1.7,5.8,73,51,0
2015-12-04,57,29.74,2.3,0.9,66,48,0
2015-12-05,60,29.83,2.6,4.1,71,48,0
2015-12-06,63,29.82,2.7,7.2,74,52,0
2015-12-07,61,29.73,2.2,5.4,72,50,0
2015-12-08,62,29.67,2.6,6.5,73,51,0
2015-12-09,62,29.65,2.3,6.6,72,51,0
2015-12-10,58,29.61,3.7,2.7,64,51,0.01
2015-12-11,56,29.49,6.3,0.8,62,50,0.09
2015-12-12,53,29.63,4,-2.1,62,44,0
2015-12-13,57,29.68,8.5,1.9,65,48,0.1
2015-12-14,52,29.58,6.5,-3,58,45,0
2015-12-15,51,29.67,4.9,-3.9,61,41,0
2015-12-16,51,29.78,3.7,-3.9,60,41,0
2015-12-17,52,29.79,2.5,-2.8,63,41,0
2015-12-18,56,29.67,2.6,1.2,68,44,0
2015-12-19,55,29.62,6.7,0.2,63,46,0.18
2015-12-20,55,29.78,4,0.2,60,49,0
2015-12-21,54,29.78,4.5,-0.8,62,45,0.05
2015-12-22,57,29.52,12.4,2.2,61,53,0.28
2015-12-23,57,29.44,4.8,2.2,62,51,0.06
2015-12-24,57,29.6,5,2.2,63,51,0
2015-12-25,52,29.7,5.9,-2.8,58,46,0
2015-12-26,54,29.83,7.1,-0.8,62,45,0
2015-12-27,50,29.8,3.8,-4.8,60,39,0
2015-12-28,50,29.56,4.1,-4.9,57,42,0.04
2015-12-29,48,29.65,3.6,-6.9,58,38,0
2015-12-30,51,29.78,2.3,-3.9,60,41,0
2015-12-31,52,29.72,3.6,-2.9,62,42,0
2016-01-01,53,29.72,2.8,-2,63,43,0
2016-01-02,51,29.7,3.3,-4,61,41,0
2016-01-03,53,29.57,4.3,-2.1,62,44,0
2016-01-04,59,29.44,4.5,3.9,63,54,0.04
2016-01-05,57,29.51,7.9,1.8,58,55,1.22
2016-01-06,55,29.62,7.7,-0.2,60,50,0.66
2016-01-07,52,29.55,4.9,-3.2,56,48,0.9
2016-01-08,52,29.68,4.3,-3.3,59,45,0
2016-01-09,53,29.83,4.2,-2.3,59,46,0.01
2016-01-10,56,29.8,2.2,0.7,60,52,0
2016-01-11,57,29.87,2.2,1.7,66,48,0
2016-01-12,55,29.82,3.4,-0.4,68,42,0
2016-01-13,52,29.77,3.2,-3.4,60,44,0
2016-01-14,56,29.73,2.3,0.6,62,50,0
2016-01-15,56,29.73,4.1,0.6,61,51,0
2016-01-16,57,29.79,2.4,1.5,64,50,0
2016-01-17,61,29.79,2.6,5.5,71,50,0
2016-01-18,59,29.83,3.8,3.5,62,56,0
2016-01-19,57,29.83,2.7,1.5,62,51,0.01
2016-01-20,62,29.82,3.2,6.5,66,57,0
2016-01-21,60,29.78,2.7,4.5,71,49,0
2016-01-22,60,29.73,1.7,4.5,70,50,0
2016-01-23,57,29.67,3.7,1.5,62,51,0.04
2016-01-24,57,29.7,4.6,1.4,63,50,0
2016-01-25,56,29.72,3.5,0.4,64,48,0
2016-01-26,61,29.83,3.6,5.4,74,48,0
2016-01-27,59,29.86,2.6,3.4,69,48,0
2016-01-28,59,29.78,3.2,3.4,71,47,0
2016-01-29,58,29.68,3.1,2.4,68,48,0
2016-01-30,57,29.66,4.8,1.4,63,50,0.08
2016-01-31,56,29.49,14.1,0.4,59,53,0.38
2016-02-01,52,29.64,8.2,-3.6,58,45,0.06
2016-02-02,48,29.84,3.6,-7.6,58,38,0
2016-02-03,53,29.93,4.5,-2.6,62,44,0
2016-02-04,56,29.9,3.4,0.4,70,42,0
2016-02-05,63,29.88,3.7,7.4,76,50,0
2016-02-06,65,29.83,3.5,9.4,77,53,0
2016-02-07,67,29.74,3.8,11.3,80,53,0
2016-02-08,70,29.73,3.4,14.3,84,56,0
2016-02-09,70,29.74,3.5,14.3,85,55,0
2016-02-10,69,29.74,2.8,13.3,82,55,0
2016-02-11,68,29.72,1.8,12.3,80,55,0
2016-02-12,65,29.72,2.1,9.3,77,53,0
2016-02-13,58,29.7,2.6,2.2,69,47,0
2016-02-14,60,29.65,1.8,4.2,71,49,0
2016-02-15,73,29.58,4.4,17.2,86,59,0
2016-02-16,75,29.52,3.3,19.2,90,59,0
2016-02-17,66,29.52,5.3,10.1,77,55,0.01
2016-02-18,60,29.63,3.9,4.1,66,54,0.05
2016-02-19,57,29.72,2.9,1.1,63,50,0
2016-02-20,57,29.72,2.9,1,65,48,0
2016-02-21,58,29.7,2.4,2,65,50,0
2016-02-22,58,29.59,2.3,2,68,48,0
2016-02-23,65,29.62,3.2,8.9,76,53,0
2016-02-24,68,29.69,3.8,11.9,79,56,0
2016-02-25,66,29.68,2.7,9.9,78,53,0
2016-02-26,62,29.72,3.3,5.8,72,52,0
2016-02-27,62,29.65,2.4,5.8,72,51,0
2016-02-28,59,29.65,3,2.8,65,52,0
2016-02-29,59,29.65,2.9,2.7,66,52,0
2016-03-01,60,29.7,2.8,3.7,68,51,0
2016-03-02,59,29.7,2.3,2.7,65,52,0
2016-03-03,59,29.7,2.2,2.7,64,53,0
2016-03-04,61,29.66,3.9,4.6,66,56,0
2016-03-05,61,29.67,4.4,4.6,67,55,0.03
2016-03-06,61,29.67,7.6,4.5,65,56,0.31
2016-03-07,54,29.51,6.1,-2.5,59,48,0.46
2016-03-08,54,29.59,4.4,-2.5,64,44,0
2016-03-09,59,29.65,3.8,2.4,68,50,0
2016-03-10,60,29.67,4,3.4,68,52,0
2016-03-11,61,29.65,4.9,4.4,68,54,0.19
2016-03-12,57,29.8,4.2,0.3,62,51,0
2016-03-13,58,29.8,5.2,1.3,63,52,0
2016-03-14,62,29.74,3.7,5.3,65,58,0.01
2016-03-15,60,29.62,2.4,3.2,67,52,0
2016-03-16,64,29.55,2.6,7.2,74,54,0
2016-03-17,62,29.54,3.8,5.2,70,53,0
2016-03-18,62,29.59,4,5.1,66,57,0
2016-03-19,61,29.64,3.2,4.1,64,57,0
2016-03-20,60,29.7,2.7,3,65,55,0
2016-03-21,61,29.73,3.8,4,66,56,0
2016-03-22,59,29.68,7.3,1.9,64,54,0
2016-03-23,60,29.74,4.5,2.9,70,50,0
2016-03-24,64,29.67,3.3,6.8,75,52,0
2016-03-25,61,29.51,5,3.8,70,52,0
2016-03-26,62,29.52,5,4.7,66,58,0
2016-03-27,61,29.64,4.9,3.7,67,54,0
2016-03-28,58,29.57,11.3,0.6,61,55,0.01
2016-03-29,57,29.55,8.6,-0.5,61,52,0
2016-03-30,55,29.62,5.4,-2.5,61,48,0
2016-03-31,56,29.68,5.4,-1.6,64,47,0
2016-04-01,59,29.73,4.6,1.3,65,53,0
2016-04-02,61,29.75,3.3,3.3,68,53,0
2016-04-03,59,29.68,2.8,1.2,64,53,0
2016-04-04,60,29.71,3.6,2.1,68,52,0
2016-04-05,64,29.7,2.8,6,74,53,0
2016-04-06,63,29.7,3.7,4.9,71,55,0
2016-04-07,62,29.6,2.4,3.8,65,59,0.22
2016-04-08,61,29.59,4.1,2.7,65,57,0.18
2016-04-09,62,29.55,3.9,3.6,67,57,0.01
2016-04-10,62,29.56,4.2,3.5,66,57,0.18
2016-04-11,61,29.7,3.4,2.4,66,55,0
2016-04-12,61,29.78,5.3,2.3,66,56,0
2016-04-13,62,29.72,4.1,3.2,65,58,0
2016-04-14,62,29.59,5.9,3.1,66,58,0
2016-04-15,62,29.52,5.1,3,68,55,0
2016-04-16,66,29.61,4.9,6.9,80,52,0
2016-04-17,69,29.62,3.9,9.8,83,55,0
2016-04-18,71,29.65,3.5,11.7,81,60,0
2016-04-19,72,29.58,3.5,12.5,82,61,0
2016-04-20,68,29.55,3.8,8.4,78,58,0
2016-04-21,64,29.54,4,4.3,72,56,0
2016-04-22,64,29.62,4.5,4.2,68,59,0
2016-04-23,62,29.64,4.2,2.1,67,56,0
2016-04-24,62,29.55,7,2,69,55,0
2016-04-25,59,29.56,8.4,-1.1,62,56,0
2016-04-26,58,29.61,5.6,-2.3,65,51,0
2016-04-27,60,29.49,8,-0.4,65,54,0
2016-04-28,60,29.52,7.8,-0.5,64,55,0
2016-04-29,59,29.6,6.9,-1.6,64,54,0
2016-04-30,60,29.47,8.1,-0.7,64,56,0
2016-05-01,60,29.57,4.8,-0.8,65,55,0
2016-05-02,61,29.63,3.8,0.1,67,54,0
2016-05-03,62,29.59,4.4,1,67,57,0
2016-05-04,62,29.57,4.8,0.9,65,58,0
2016-05-05,63,29.54,5,1.8,66,59,0.01
2016-05-06,60,29.54,6.6,-1.3,64,56,0.26
2016-05-07,61,29.6,5,-0.3,66,56,0.05
2016-05-08,61,29.59,5.2,-0.4,67,55,0
2016-05-09,63,29.6,4.4,1.5,67,59,0
2016-05-10,64,29.62,4.1,2.4,67,61,0
2016-05-11,64,29.64,4.6,2.3,68,60,0
2016-05-12,63,29.64,4.2,1.3,66,60,0
2016-05-13,63,29.64,4.2,1.2,66,60,0
2016-05-14,62,29.6,4.7,0.1,63,60,0
2016-05-15,64,29.56,8.3,2,68,59,0
2016-05-16,63,29.55,6.1,1,66,59,0
2016-05-17,63,29.57,5,0.9,65,61,0
2016-05-18,65,29.6,5.2,2.8,68,61,0
2016-05-19,64,29.54,5.5,1.8,67,60,0
2016-05-20,63,29.54,9,0.7,65,60,0
2016-05-21,61,29.65,8.1,-1.4,64,57,0
2016-05-22,61,29.65,5.6,-1.4,67,54,0
2016-05-23,61,29.57,7.5,-1.5,66,56,0
2016-05-24,63,29.65,8.5,0.4,66,60,0
2016-05-25,62,29.72,6,-0.6,67,57,0.01
2016-05-26,62,29.66,6.3,-0.7,66,58,0
2016-05-27,64,29.54,4.6,1.2,66,61,0
2016-05-28,63,29.54,5.4,0.1,66,60,0
2016-05-29,63,29.62,5.3,0.1,66,59,0
2016-05-30,64,29.59,4.1,1,67,61,0
2016-05-31,62,29.52,4.2,-1.1,64,60,0
2016-06-01,63,29.55,3.5,-0.2,65,60,0
2016-06-02,65,29.57,3.9,1.7,70,59,0
2016-06-04,65,29.57,3.8,1.5,70,59,0
2016-06-05,64,29.52,4.5,0.4,68,60,0
2016-06-08,66,29.51,5.3,2.1,69,62,0
2016-06-09,65,29.54,5,1,69,61,0
2016-06-10,65,29.57,6.1,0.9,69,61,0
2016-06-11,64,29.6,5.7,-0.2,66,62,0
2016-06-12,64,29.7,6.2,-0.4,68,60,0
2016-06-13,65,29.71,4.8,0.5,69,61,0
2016-06-14,65,29.59,5.4,0.4,68,61,0
2016-06-15,64,29.61,6.7,-0.7,68,60,0
2016-06-16,64,29.64,4.8,-0.9,70,58,0
2016-06-17,68,29.64,4.3,3,76,60,0
2016-06-18,69,29.62,3.5,3.9,78,60,0
2016-06-19,74,29.52,3.8,8.7,83,64,0
2016-06-20,77,29.51,4.6,11.6,85,69,0
2016-06-21,71,29.57,3.8,5.5,74,67,0
2016-06-22,70,29.58,4.8,4.3,74,65,0
2016-06-23,68,29.59,4.5,2.2,72,64,0
2016-06-24,67,29.57,5.4,1.1,71,63,0
2016-06-25,67,29.51,5.3,0.9,71,62,0
2016-06-26,68,29.53,3.6,1.8,73,63,0
2016-06-27,73,29.55,4.4,6.7,78,67,0
2016-06-28,70,29.57,4.7,3.5,74,66,0
2016-06-29,71,29.54,4.6,4.4,75,66,0
2016-06-30,70,29.51,6,3.3,74,66,0
2016-07-01,67,29.56,6.4,0.2,70,64,0
2016-07-02,67,29.64,4.9,0,71,63,0
2016-07-03,67,29.67,4.4,-0.1,70,63,0
2016-07-04,69,29.65,5.9,1.8,72,65,0
2016-07-05,69,29.63,6,1.7,73,65,0
2016-07-06,67,29.61,5.7,-0.4,70,64,0
2016-07-07,68,29.59,5.6,0.5,72,63,0
2016-07-08,68,29.62,4.6,0.4,72,63,0
2016-07-09,69,29.64,3.9,1.3,75,62,0
2016-07-10,70,29.57,5.2,2.2,75,65,0
2016-07-11,68,29.52,7.5,0.1,72,64,0
2016-07-12,68,29.56,5.4,0,71,64,0
2016-07-13,70,29.59,3.9,1.9,74,65,0
2016-07-14,70,29.62,4.3,1.8,75,65,0
2016-07-15,70,29.59,5.6,1.7,74,66,0
2016-07-16,70,29.55,4.6,1.6,73,66,0
2016-07-17,71,29.59,4.7,2.6,75,66,0
2016-07-18,71,29.65,5.5,2.5,74,67,0
2016-07-19,71,29.62,3.8,2.4,77,65,0
2016-07-20,74,29.58,4.2,5.4,81,67,0
2016-07-21,75,29.57,2.7,6.3,83,67,0
2016-07-22,76,29.52,3.5,7.2,84,67,0
2016-07-23,76,29.46,5.8,7.2,85,67,0
2016-07-24,74,29.53,3.8,5.1,80,68,0
2016-07-25,73,29.57,3.2,4,76,70,0
2016-07-26,74,29.52,4.3,5,79,68,0
2016-07-27,75,29.54,3.9,5.9,79,70,0
2016-07-28,75,29.52,4.2,5.9,80,69,0
2016-07-29,74,29.47,4.6,4.8,77,70,0
2016-07-30,74,29.49,5.8,4.8,78,69,0
2016-07-31,74,29.54,4.5,4.7,78,69,0
2016-08-01,73,29.59,4.4,3.7,77,68,0
2016-08-02,73,29.62,4.7,3.6,77,69,0
2016-08-03,73,29.6,5,3.6,76,69,0
2016-08-04,73,29.52,4.1,3.5,76,69,0
2016-08-05,72,29.51,4.6,2.5,74,69,0
2016-08-06,70,29.49,5.1,0.4,73,67,0
2016-08-07,71,29.46,4.3,1.4,75,67,0
2016-08-08,70,29.47,4.5,0.3,73,66,0
2016-08-09,69,29.5,4.5,-0.7,72,65,0
2016-08-10,70,29.55,4.8,0.2,75,64,0
2016-08-11,71,29.63,4.6,1.2,74,68,0
2016-08-12,72,29.62,3.7,2.2,76,68,0
2016-08-13,73,29.54,3.4,3.1,77,68,0
2016-08-14,74,29.51,4,4.1,79,68,0
2016-08-15,75,29.51,3.6,5.1,81,69,0
2016-08-16,72,29.49,3.9,2,78,65,0
2016-08-17,72,29.49,4,2,78,65,0
2016-08-18,71,29.52,4.1,1,76,66,0
2016-08-19,70,29.54,3.8,0,74,66,0
2016-08-20,69,29.54,4.5,-1,73,65,0
2016-08-21,70,29.54,4.4,-0.1,75,65,0
2016-08-22,71,29.56,4.6,0.9,75,66,0
2016-08-23,69,29.65,3.8,-1.1,74,63,0
2016-08-24,71,29.62,4.1,0.9,75,66,0
2016-08-25,68,29.58,4.5,-2.1,71,64,0
2016-08-26,68,29.59,4.8,-2.1,71,64,0
2016-08-27,69,29.61,3.1,-1,72,65,0
2016-08-28,70,29.62,4,0,73,66,0
2016-08-29,71,29.55,3.4,1,75,66,0
2016-08-30,71,29.49,4.9,1,76,66,0
2016-08-31,71,29.49,3.7,1.1,76,66,0
2016-09-01,70,29.54,4.4,0.1,73,66,0
2016-09-02,68,29.54,4.8,-1.8,72,64,0
2016-09-03,68,29.51,6.5,-1.8,71,64,0
2016-09-04,68,29.48,5.8,-1.7,71,64,0
2016-09-05,67,29.44,3.7,-2.7,71,63,0
2016-09-06,67,29.47,4.4,-2.6,73,61,0
2016-09-07,69,29.62,4.5,-0.5,73,65,0
2016-09-08,70,29.67,4.6,0.5,73,67,0
2016-09-09,69,29.63,4.2,-0.4,73,65,0
2016-09-10,69,29.65,4,-0.3,73,64,0
2016-09-11,68,29.66,3.2,-1.2,72,64,0
2016-09-12,67,29.59,6.9,-2.1,70,64,0
2016-09-13,66,29.61,6,-3,70,61,0
2016-09-14,64,29.65,4.3,-4.9,70,58,0
2016-09-15,65,29.61,3.4,-3.8,72,57,0
2016-09-16,64,29.56,2.8,-4.7,71,56,0
2016-09-17,66,29.55,2.9,-2.6,73,58,0
2016-09-18,65,29.54,2.5,-3.5,71,59,0
2016-09-19,71,29.59,4.3,2.6,80,61,0
2016-09-20,76,29.57,2.6,7.8,82,69,0.25
2016-09-21,72,29.52,4,3.9,77,67,0.08
2016-09-22,68,29.55,7.5,0,73,62,0
2016-09-23,65,29.6,4.6,-2.9,72,58,0
2016-09-24,71,29.62,3.3,3.2,81,60,0
2016-09-25,74,29.59,3.2,6.3,86,61,0
2016-09-26,86,29.52,6.3,18.5,103,69,0
2016-09-27,82,29.5,3.8,14.6,94,70,0
2016-09-28,77,29.55,4.1,9.7,85,69,0
2016-09-29,74,29.65,2.4,6.8,81,67,0
2016-09-30,73,29.63,2.9,5.9,79,66,0
2016-10-01,71,29.6,3.3,4.1,78,64,0
2016-10-02,68,29.6,7,1.2,72,63,0
2016-10-03,65,29.59,4.9,-1.7,70,59,0
2016-10-04,65,29.54,5.5,-1.6,72,58,0
2016-10-05,65,29.54,4.5,-1.5,70,60,0
2016-10-06,65,29.53,3.8,-1.4,72,57,0
2016-10-07,70,29.51,3.2,3.7,82,57,0
2016-10-08,71,29.52,2.7,4.9,83,59,0
2016-10-09,73,29.57,2.4,7,86,60,0
2016-10-10,68,29.6,3.5,2.1,76,60,0
2016-10-11,65,29.67,3.7,-0.8,68,62,0
2016-10-12,65,29.68,3.2,-0.7,70,59,0
2016-10-13,64,29.65,3.8,-1.6,69,58,0
2016-10-14,66,29.63,4.5,0.5,69,62,0
2016-10-15,66,29.62,3.8,0.6,69,62,0
2016-10-16,67,29.63,3.7,1.8,71,63,0
2016-10-17,65,29.59,3.1,-0.1,69,60,0
2016-10-18,65,29.56,2,0,71,58,0
2016-10-19,67,29.57,2.1,2.1,76,57,0
2016-10-20,75,29.55,2.9,10.3,89,61,0
2016-10-21,75,29.51,2.7,10.4,86,63,0
2016-10-22,71,29.52,2.8,6.5,80,61,0
2016-10-23,70,29.62,3.3,5.7,79,61,0
2016-10-24,67,29.68,2.5,2.8,72,61,0.04
2016-10-25,64,29.7,3.2,0,69,58,0
2016-10-26,65,29.65,2.6,1.1,72,58,0
2016-10-27,68,29.56,2.6,4.3,76,59,0
2016-10-28,69,29.57,2.4,5.4,76,62,0
2016-10-29,68,29.6,2,4.6,75,60,0
2016-10-30,65,29.66,2.3,1.8,69,61,0.02
2016-10-31,63,29.67,3.4,0,68,57,0
2016-11-01,61,29.65,3.9,-1.9,67,54,0
2016-11-02,63,29.66,3.9,0.3,73,53,0
2016-11-03,67,29.66,3.5,4.5,77,57,0
2016-11-04,68,29.69,3.1,5.7,78,57,0
2016-11-05,65,29.66,2.3,2.9,74,55,0
2016-11-06,63,29.69,2.4,1.1,73,53,0
2016-11-07,62,29.7,2,0.4,71,52,0
2016-11-08,68,29.65,1.6,6.6,79,56,0
2016-11-09,79,29.6,8.3,17.8,94,63,0
2016-11-10,78,29.64,4.2,17,91,64,0
2016-11-11,71,29.7,3.1,10.2,83,58,0
2016-11-12,70,29.68,2.7,9.5,80,60,0
2016-11-13,72,29.7,3,11.7,83,60,0
2016-11-14,71,29.7,2.7,10.9,81,60,0
2016-11-15,65,29.65,2.3,5.2,75,55,0
2016-11-16,64,29.52,5,4.4,68,60,0
2016-11-17,61,29.59,3,1.7,68,54,0
2016-11-18,62,29.68,2.5,2.9,73,51,0
2016-11-19,60,29.68,3.2,1.1,70,49,0
2016-11-20,62,29.62,4.8,3.4,67,57,0.11
2016-11-21,60,29.62,6.9,1.6,64,56,0.38
2016-11-22,60,29.73,3,1.8,67,52,0
2016-11-23,58,29.75,2.3,0,66,50,0
2016-11-24,65,29.72,3.4,7.3,80,50,0
2016-11-25,60,29.69,3.4,2.5,72,47,0
2016-11-26,54,29.65,6.1,-3.3,62,46,0.26
2016-11-27,56,29.67,5.6,-1.1,62,50,0.31
2016-11-28,56,29.57,4.7,-0.9,61,50,0
2016-11-29,59,29.62,2.7,2.3,70,47,0
2016-11-30,56,29.67,3.3,-0.6,66,45,0
2016-12-01,56,29.59,3.4,-0.4,62,49,0
2016-12-02,59,29.61,6.1,2.8,68,49,0
2016-12-03,59,29.7,4.3,2.9,69,48,0
2016-12-04,59,29.67,2.4,3.1,72,45,0
2016-12-05,54,29.59,5.1,-1.8,62,46,0
2016-12-06,58,29.62,5.5,2.4,62,54,0
2016-12-07,56,29.72,3.8,0.5,61,51,0
2016-12-08,55,29.85,3.5,-0.4,63,47,0
2016-12-09,56,29.84,2.1,0.7,62,50,0
2016-12-10,59,29.78,3.5,3.8,63,55,0.01
2016-12-11,61,29.74,2.9,5.9,65,57,0
2016-12-12,61,29.72,2.3,5.9,64,58,0
2016-12-13,59,29.73,1.9,4,64,53,0
2016-12-14,59,29.7,1.8,4.1,67,50,0
2016-12-15,59,29.64,2.9,4.1,68,50,0.51
2016-12-16,58,29.55,10.7,3.2,61,54,1.15
2016-12-17,50,29.75,3,-4.8,56,43,0
2016-12-18,51,29.79,3,-3.8,61,40,0
2016-12-19,62,29.82,4.4,7.2,75,49,0
2016-12-20,61,29.76,2.1,6.2,75,47,0
2016-12-21,63,29.62,4.6,8.2,69,56,0.64
2016-12-22,59,29.57,6.7,4.2,62,56,0.57
2016-12-23,60,29.65,8.2,5.2,62,57,0.04
2016-12-24,53,29.46,8.5,-1.8,57,48,1.18
2016-12-25,49,29.72,3.9,-5.8,56,42,0
2016-12-26,54,29.8,2.6,-0.8,65,42,0
2016-12-27,57,29.78,2.5,2.1,69,44,0
2016-12-28,61,29.74,1.8,6.1,74,48,0
2016-12-29,65,29.72,1.6,10.1,80,50,0
2016-12-30,56,29.65,3.4,1.1,60,52,0.17
2016-12-31,54,29.57,4.4,-1,58,50,0.55
2017-01-01,51,29.59,4.8,-4,57,44,0
2017-01-02,54,29.73,1.7,-1,58,50,0.03
2017-01-03,54,29.79,1.3,-1.1,59,49,0
2017-01-04,54,29.74,2.2,-1.1,62,46,0
2017-01-05,57,29.64,4.4,1.8,60,54,0.17
2017-01-06,56,29.69,3.1,0.8,62,49,0
2017-01-07,61,29.8,2.4,5.8,72,50,0
2017-01-08,65,29.79,1.7,9.7,75,54,0
2017-01-09,59,29.79,2.4,3.7,62,55,0.27
2017-01-10,58,29.76,2.4,2.7,61,54,0.08
2017-01-11,57,29.67,4.6,1.7,60,54,0.23
2017-01-12,56,29.61,4.5,0.6,59,52,0.49
2017-01-13,55,29.65,2.6,-0.4,59,51,0.19
2017-01-14,56,29.65,3.1,0.6,62,49,0
2017-01-15,56,29.69,4.4,0.6,62,50,0
2017-01-16,56,29.68,3.1,0.5,61,50,0
2017-01-17,54,29.74,3.4,-1.5,63,45,0
2017-01-18,53,29.78,4.1,-2.5,60,46,0
2017-01-19,57,29.6,7.3,1.5,61,53,0.54
2017-01-20,56,29.31,10.7,0.5,58,53,1.32
2017-01-21,54,29.59,6.9,-1.5,59,49,0
2017-01-22,55,29.67,11.2,-0.5,59,50,0.51
2017-01-23,53,29.55,8.5,-2.5,57,48,0.16
2017-01-24,50,29.68,4.4,-5.6,55,44,0.02
2017-01-25,50,29.9,3.6,-5.6,58,41,0
2017-01-26,50,29.93,3,-5.6,60,40,0
2017-01-27,54,30.04,3.3,-1.6,65,42,0
2017-01-28,61,30.01,4.2,5.4,72,49,0
2017-01-29,62,29.85,3.9,6.4,76,48,0
2017-01-30,63,29.77,2.3,7.4,76,50,0
2017-01-31,60,29.73,2.5,4.4,70,49,0
2017-02-01,54,29.72,2.2,-1.6,65,42,0
2017-02-02,56,29.75,2.1,0.4,67,45,0
2017-02-03,57,29.72,2,1.4,64,50,0
2017-02-04,59,29.73,3.4,3.4,63,54,0
2017-02-05,56,29.68,3.4,0.4,59,52,0
2017-02-06,56,29.71,5.8,0.4,58,54,0.14
2017-02-07,62,29.78,6.2,6.3,66,58,0.41
2017-02-08,62,29.76,2.3,6.3,66,57,0
2017-02-09,63,29.65,2.3,7.3,70,55,0
2017-02-10,59,29.67,2.2,3.3,63,55,0
2017-02-11,56,29.71,4.6,0.3,59,53,0.13
2017-02-12,57,29.67,3.5,1.3,65,48,0
2017-02-13,58,29.67,3.3,2.2,67,49,0
2017-02-14,58,29.7,3,2.2,63,53,0
2017-02-15,61,29.7,2.8,5.2,72,49,0
2017-02-16,57,29.62,2.5,1.2,64,50,0
2017-02-17,57,29.31,11.1,1.1,62,52,1.25
2017-02-18,56,29.24,4.4,0.1,59,52,0.18
2017-02-19,56,29.63,4.6,0.1,59,53,0.01
2017-02-20,59,29.88,2.7,3,65,53,0
2017-02-21,61,29.89,2.9,5,70,51,0
2017-02-22,57,29.74,3.9,1,61,53,0
2017-02-23,52,29.7,4.5,-4.1,57,46,0
2017-02-24,52,29.78,3.5,-4.1,60,44,0
2017-02-25,50,29.72,5.2,-6.1,58,41,0
2017-02-26,55,29.62,5.9,-1.2,59,50,0.01
2017-02-27,53,29.51,9.6,-3.2,57,49,3.23
2017-02-28,55,29.72,4.1,-1.2,60,49,0
2017-03-01,56,29.85,2.4,-0.3,67,45,0
2017-03-02,63,29.75,3.6,6.7,76,50,0
2017-03-03,61,29.63,2.9,4.7,74,47,0
2017-03-04,57,29.65,4.4,0.7,65,49,0
2017-03-05,55,29.67,5,-1.4,60,50,0.05
2017-03-06,51,29.8,3.6,-5.4,58,44,0
2017-03-07,54,29.78,2.7,-2.5,64,44,0
2017-03-08,61,29.7,2.7,4.5,71,51,0
2017-03-09,66,29.68,3,9.5,78,53,0
2017-03-10,65,29.66,2.8,8.4,75,54,0
2017-03-11,61,29.62,3.2,4.4,69,53,0
2017-03-12,59,29.64,2.6,2.4,66,51,0
2017-03-13,60,29.65,2.7,3.3,67,52,0
2017-03-14,63,29.67,2.3,6.3,76,50,0
2017-03-15,66,29.7,3.4,9.3,75,57,0
2017-03-16,61,29.72,3.1,4.2,67,54,0
2017-03-17,59,29.67,3.6,2.2,65,53,0
2017-03-18,62,29.7,2.9,5.2,68,55,0
2017-03-19,58,29.71,5,1.1,63,53,0
2017-03-20,61,29.73,3.4,4.1,64,57,0
2017-03-21,61,29.72,3.9,4,69,53,0.01
2017-03-22,61,29.65,7.7,4,64,58,0.04
2017-03-23,58,29.77,6.1,0.9,63,52,0.02
2017-03-24,57,29.85,4.9,-0.1,64,49,0
2017-03-25,59,29.72,4.6,1.8,65,52,0.03
2017-03-26,59,29.68,4.1,1.8,64,54,0
2017-03-27,60,29.65,4.9,2.7,65,55,0
2017-03-28,59,29.64,4.2,1.7,68,50,0
2017-03-29,62,29.65,3.5,4.6,72,51,0
2017-03-30,60,29.51,7.6,2.5,66,54,0
2017-03-31,58,29.47,4.3,0.5,65,51,0
2017-04-01,58,29.6,3.4,0.4,67,49,0
2017-04-02,62,29.62,3.9,4.3,71,53,0
2017-04-03,60,29.57,6.3,2.3,63,57,0
2017-04-04,62,29.64,3.1,4.2,66,57,0
2017-04-05,64,29.65,3.2,6.1,74,53,0
2017-04-06,63,29.64,3.7,5,72,54,0
2017-04-07,62,29.67,3.7,3.9,69,55,0
2017-04-08,60,29.66,5.7,1.8,66,54,0.01
2017-04-09,57,29.67,5.1,-1.3,64,50,0
2017-04-10,60,29.66,3,1.6,69,50,0
2017-04-11,62,29.65,3.4,3.5,71,52,0
2017-04-12,60,29.67,4.5,1.4,67,52,0
2017-04-13,63,29.66,5.9,4.3,70,56,0
2017-04-14,58,29.61,4.3,-0.8,64,51,0
2017-04-15,60,29.6,3.6,1.1,69,51,0
2017-04-16,61,29.65,3.8,2,69,53,0
2017-04-17,61,29.7,3.6,1.9,68,54,0
2017-04-18,64,29.72,4.3,4.8,69,59,0
2017-04-19,64,29.74,4.6,4.7,69,58,0.02
2017-04-20,61,29.67,3.7,1.5,68,53,0
2017-04-21,66,29.54,3.6,6.4,76,55,0
2017-04-22,70,29.51,3.2,10.3,82,58,0
2017-04-23,65,29.51,6.3,5.2,71,58,0
2017-04-24,64,29.54,8.1,4.1,67,60,0
2017-04-25,64,29.54,5.6,4,68,59,0
2017-04-26,63,29.52,4.7,2.9,71,55,0
2017-04-27,63,29.44,5,2.7,67,59,0
2017-04-28,64,29.42,5.4,3.6,71,57,0
2017-04-29,70,29.61,5.9,9.5,81,58,0
2017-04-30,68,29.67,3.8,7.4,77,59,0
2017-05-01,65,29.57,3.4,4.3,74,56,0
2017-05-02,64,29.55,4.6,3.2,72,56,0
2017-05-03,66,29.59,4.6,5.1,72,59,0
2017-05-04,66,29.58,3.9,5,71,61,0
2017-05-05,62,29.52,4.6,0.9,63,60,0
2017-05-06,57,29.48,10.6,-4.2,64,50,0.09
2017-05-07,55,29.52,7.2,-6.3,60,49,0.62
2017-05-08,57,29.51,5.3,-4.3,64,49,0
2017-05-09,61,29.57,7.1,-0.4,64,58,0.02
2017-05-10,62,29.72,3.5,0.5,64,59,0.01
2017-05-11,63,29.73,4.2,1.4,67,58,0
2017-05-12,61,29.6,4.3,-0.7,64,58,0
2017-05-13,63,29.52,5.7,1.3,68,57,0
2017-05-14,61,29.54,8.6,-0.8,66,55,0
2017-05-15,59,29.59,8.7,-2.9,61,56,0
2017-05-16,59,29.66,6.9,-3,63,55,0
2017-05-17,61,29.57,6.5,-1,65,57,0
2017-05-18,61,29.52,3.7,-1.1,67,55,0
2017-05-19,68,29.54,4.1,5.8,78,57,0
2017-05-20,71,29.5,3.8,8.8,81,61,0
2017-05-21,66,29.55,3.8,3.7,73,59,0
2017-05-22,64,29.59,3.8,1.6,69,59,0
2017-05-23,67,29.57,3.5,4.6,73,60,0
2017-05-24,64,29.5,4.7,1.5,68,60,0
2017-05-25,62,29.52,7.6,-0.6,65,59,0
2017-05-26,65,29.62,5.5,2.4,69,61,0
2017-05-27,63,29.67,4.3,0.3,67,59,0
2017-05-28,61,29.63,4.4,-1.8,67,55,0
2017-05-29,62,29.56,5,-0.9,65,59,0
2017-05-30,62,29.54,5.2,-0.9,65,59,0
2017-05-31,62,29.51,4.6,-1,64,60,0
2017-06-01,64,29.51,4.2,0.9,68,60,0
2017-06-02,66,29.5,4.2,2.8,69,62,0
2017-06-03,65,29.53,4.2,1.7,67,62,0
2017-06-04,63,29.52,3.1,-0.4,65,60,0
2017-06-05,63,29.52,4.5,-0.5,66,60,0
2017-06-06,63,29.57,4.9,-0.6,65,61,0
2017-06-08,64,29.62,4.6,0.2,68,59,0
2017-06-09,65,29.57,5.4,1.1,69,61,0
2017-06-10,64,29.53,6.9,0,67,60,0
2017-06-11,62,29.57,8.5,-2.1,67,57,0.02
2017-06-12,62,29.64,6.2,-2.2,69,54,0
2017-06-13,63,29.55,3.7,-1.4,72,54,0
2017-06-14,66,29.52,4.1,1.5,73,58,0
2017-06-15,68,29.54,4.1,3.4,77,59,0
2017-06-16,69,29.52,4,4.3,78,59,0
2017-06-17,69,29.5,4.2,4.1,75,63,0
2017-06-18,67,29.45,3.7,2,73,61,0
2017-06-19,70,29.47,3.8,4.9,77,62,0
2017-06-20,67,29.47,3.5,1.7,72,62,0
2017-06-21,67,29.4,4.5,1.6,71,62,0
2017-06-22,67,29.47,4.9,1.5,71,62,0
2017-06-23,66,29.54,3.5,0.3,69,63,0
2017-06-24,66,29.52,4.6,0.2,70,62,0
2017-06-25,69,29.52,3.4,3.1,74,63,0
2017-06-26,73,29.54,3.5,6.9,81,64,0
2017-06-27,70,29.52,4.1,3.8,77,62,0
2017-06-28,65,29.52,5.6,-1.3,69,61,0
2017-06-29,66,29.57,6.4,-0.5,70,62,0
2017-06-30,67,29.53,4.6,0.4,70,63,0
2017-07-01,67,29.52,5.8,0.3,70,63,0
2017-07-02,68,29.61,3.9,1.2,71,64,0
2017-07-03,69,29.64,3.3,2,74,63,0
2017-07-04,69,29.59,3.9,1.9,73,64,0
2017-07-05,69,29.61,4.3,1.8,73,65,0
2017-07-06,70,29.59,4,2.7,75,65,0
2017-07-07,73,29.51,3.7,5.6,81,65,0
2017-07-08,75,29.49,4.5,7.5,81,69,0
2017-07-09,76,29.54,3.5,8.4,83,69,0
2017-07-10,74,29.55,4.1,6.3,78,69,0
2017-07-11,72,29.57,4.3,4.2,76,68,0
2017-07-12,73,29.59,4.1,5.1,76,69,0
2017-07-13,73,29.63,4.5,5,77,68,0
2017-07-14,71,29.62,3.9,2.9,75,67,0
2017-07-15,71,29.57,4.7,2.8,75,67,0
2017-07-16,71,29.52,5.1,2.7,76,66,0
2017-07-17,72,29.52,4.2,3.6,75,68,0
2017-07-18,71,29.57,4.2,2.6,74,67,0
2017-07-19,73,29.6,3.9,4.5,76,69,0.08
2017-07-20,73,29.61,4,4.4,77,68,0
2017-07-21,72,29.57,4.6,3.4,75,68,0
2017-07-22,71,29.54,4.3,2.3,74,68,0
2017-07-23,72,29.52,5.2,3.2,76,67,0
2017-07-24,72,29.54,5,3.2,76,68,0
2017-07-25,71,29.6,5.2,2.1,73,69,0
2017-07-26,72,29.62,3.6,3,75,69,0
2017-07-27,72,29.57,4.3,3,76,68,0
2017-07-28,71,29.57,3.8,1.9,74,67,0
2017-07-29,71,29.64,4.6,1.9,75,66,0
2017-07-30,71,29.65,3.9,1.8,75,66,0
2017-07-31,71,29.57,4,1.8,73,68,0
2017-08-01,74,29.52,4.5,4.7,79,68,0
2017-08-02,78,29.54,3.2,8.7,84,71,0
2017-08-03,76,29.6,4.6,6.6,81,71,0
2017-08-04,75,29.59,4.6,5.6,78,71,0
2017-08-05,73,29.56,5,3.5,76,69,0
2017-08-06,72,29.54,4.4,2.5,75,69,0
2017-08-07,73,29.54,4.8,3.4,76,69,0
2017-08-08,72,29.54,4,2.4,75,68,0
2017-08-09,71,29.54,3.6,1.3,74,67,0
2017-08-10,70,29.54,4.2,0.3,74,66,0
2017-08-11,71,29.51,4.1,1.2,75,66,0
2017-08-12,69,29.54,5.4,-0.8,73,65,0
2017-08-13,69,29.55,4.4,-0.8,73,65,0
2017-08-14,69,29.54,6.4,-0.9,73,65,0
2017-08-15,66,29.55,5.9,-3.9,68,64,0
2017-08-16,68,29.6,5.4,-1.9,72,64,0
2017-08-17,68,29.62,3.7,-2,74,61,0
2017-08-18,70,29.61,4.2,0,73,66,0
2017-08-19,69,29.58,4.6,-1,72,65,0
2017-08-20,69,29.57,4.3,-1,73,65,0
2017-08-21,71,29.62,4.2,1,75,66,0
2017-08-22,69,29.62,3.5,-1.1,74,63,0
2017-08-23,67,29.59,3.9,-3.1,68,65,0
2017-08-24,67,29.49,3,-3.1,70,64,0
2017-08-25,69,29.47,3.1,-1.1,71,66,0
2017-08-26,70,29.55,2.7,-0.1,74,65,0
2017-08-27,69,29.54,3.3,-1.1,73,65,0
2017-08-28,70,29.46,3.2,0,74,65,0
2017-08-29,73,29.43,3,3,81,65,0
2017-08-30,75,29.39,3.6,5,83,66,0
2017-08-31,78,29.38,3.5,8,85,70,0
2017-09-01,80,29.41,3.5,10.1,89,71,0
2017-09-02,81,29.44,5.1,11.1,91,71,0
2017-09-03,82,29.57,7.5,12.2,92,71,0
2017-09-04,72,29.57,4.5,2.2,75,69,0
2017-09-05,72,29.59,4.1,2.3,77,67,0
2017-09-06,73,29.58,3.5,3.3,77,68,0
2017-09-07,72,29.52,2.9,2.4,77,66,0
2017-09-08,71,29.53,4,1.5,74,68,0
2017-09-09,72,29.57,4.1,2.5,75,68,0
2017-09-10,72,29.53,3.5,2.6,77,66,0
2017-09-11,75,29.54,4.3,5.7,82,68,0
2017-09-12,71,29.54,3.7,1.8,74,68,0
2017-09-13,69,29.53,4.5,-0.1,73,65,0
2017-09-14,70,29.55,3.5,1,74,66,0
2017-09-15,70,29.54,4.8,1.1,73,66,0
2017-09-16,69,29.54,5.6,0.2,72,66,0
2017-09-17,69,29.57,4.6,0.3,72,66,0
2017-09-18,70,29.57,3.9,1.4,74,65,0
2017-09-19,70,29.54,5.7,1.5,73,66,0
2017-09-20,70,29.52,6.9,1.6,73,67,0
2017-09-21,65,29.5,7.8,-3.2,70,60,0.02
2017-09-22,65,29.48,6.4,-3.1,71,58,0
2017-09-23,63,29.48,4.6,-5,69,57,0
2017-09-24,66,29.49,3.7,-1.9,75,56,0
2017-09-25,70,29.45,3,2.2,81,58,0
2017-09-26,69,29.44,3.3,1.3,78,59,0
2017-09-27,66,29.51,3.5,-1.5,75,56,0
2017-09-28,67,29.52,3.5,-0.4,75,58,0
2017-09-29,68,29.52,2.5,0.7,77,59,0
2017-09-30,68,29.52,5.3,0.8,73,63,0
2017-10-01,68,29.44,6.9,0.9,71,65,0
2017-10-02,68,29.42,4.8,1.1,72,63,0
2017-10-03,67,29.51,5.9,0.2,71,62,0
2017-10-04,65,29.58,3.1,-1.7,72,58,0
2017-10-05,66,29.52,2.5,-0.6,75,57,0
2017-10-06,68,29.52,3.1,1.5,80,56,0
2017-10-07,73,29.42,2.8,6.6,87,59,0
2017-10-08,66,29.4,8.2,-0.3,72,59,0
2017-10-09,69,29.52,3.4,2.9,76,61,0
2017-10-10,65,29.54,3.4,-1,75,54,0
2017-10-11,65,29.52,3.3,-0.9,71,59,0
2017-10-12,68,29.55,4.3,2.2,71,64,0
2017-10-13,66,29.59,3.5,0.3,71,61,0
2017-10-14,65,29.61,2.3,-0.6,73,57,0
2017-10-15,74,29.67,2.1,8.5,90,58,0
2017-10-16,76,29.65,2.8,10.6,88,64,0
2017-10-17,75,29.59,2.4,9.8,83,66,0
2017-10-18,71,29.57,5.1,5.9,77,64,0
2017-10-19,68,29.55,4.7,3,71,65,0
2017-10-20,66,29.58,8,1.1,69,62,0
2017-10-21,65,29.67,3.3,0.3,72,57,0
2017-10-22,71,29.7,2.9,6.4,83,59,0
2017-10-23,78,29.67,3,13.5,92,63,0
2017-10-24,87,29.6,4.2,22.7,104,70,0
2017-10-25,81,29.52,3.3,16.8,95,67,0
2017-10-26,75,29.52,3.1,11,86,64,0
2017-10-27,68,29.54,2.1,4.1,77,59,0
2017-10-28,66,29.52,3.4,2.3,70,61,0
2017-10-29,65,29.52,4.1,1.4,69,61,0
2017-10-30,64,29.52,5.9,0.6,65,62,0
2017-10-31,63,29.56,4.9,-0.2,65,60,0
2017-11-01,65,29.59,5,2,68,62,0
2017-11-02,64,29.69,4.6,1.1,67,60,0
2017-11-03,63,29.7,2.9,0.3,70,56,0
2017-11-04,61,29.65,2.8,-1.5,68,54,0
2017-11-05,62,29.7,3.5,-0.3,69,55,0
2017-11-06,63,29.7,2.7,0.9,70,56,0
2017-11-07,66,29.72,1.6,4.1,73,59,0
2017-11-08,66,29.67,3,4.4,75,56,0
2017-11-09,63,29.67,3,1.6,69,56,0
2017-11-10,61,29.64,3.3,-0.2,68,53,0
2017-11-11,59,29.65,2.5,-2,67,50,0
2017-11-12,60,29.68,2.5,-0.8,66,53,0
2017-11-13,61,29.72,1.8,0.5,69,53,0
2017-11-14,62,29.67,2.3,1.7,72,51,0
2017-11-15,66,29.6,1.8,5.9,77,54,0
2017-11-16,67,29.59,1.9,7.2,75,58,0
2017-11-17,66,29.69,1.6,6.4,71,61,0
2017-11-18,62,29.72,1.9,2.7,70,54,0
2017-11-19,62,29.65,2.2,2.9,74,49,0
2017-11-20,60,29.65,2.5,1.1,71,48,0
2017-11-21,68,29.67,2.2,9.4,78,57,0
2017-11-22,72,29.65,2.4,13.6,87,57,0
2017-11-23,75,29.6,2,16.8,87,63,0
2017-11-24,72,29.54,2.7,14,84,59,0
2017-11-25,65,29.65,1.8,7.3,72,57,0
2017-11-26,58,29.68,2.5,0.5,64,52,0
2017-11-27,58,29.64,3.3,0.7,64,52,0.04
2017-11-28,56,29.61,2.2,-1.1,64,47,0
2017-11-29,60,29.65,2,3.1,67,53,0
2017-11-30,59,29.66,1.3,2.3,66,52,0
2017-12-01,59,29.62,2.4,2.4,68,50,0
2017-12-02,60,29.62,2.4,3.6,69,51,0
2017-12-03,60,29.64,3.9,3.8,65,55,0
2017-12-04,60,29.59,3.6,3.9,69,50,0
2017-12-05,62,29.7,5.8,6.1,73,51,0
2017-12-06,63,29.77,4.4,7.2,75,50,0
2017-12-07,66,29.9,6.3,10.4,82,50,0
2017-12-08,66,29.91,3,10.5,78,53,0
2017-12-09,68,29.8,3.8,12.6,83,53,0
2017-12-10,71,29.75,2.8,15.7,85,57,0
2017-12-11,67,29.8,2.8,11.8,78,56,0
2017-12-12,64,29.74,1.9,8.9,77,51,0
2017-12-13,64,29.62,2.8,8.9,78,49,0
2017-12-14,59,29.65,2.7,4,70,48,0
2017-12-15,64,29.68,2.9,9.1,76,51,0
2017-12-16,58,29.4,4.6,3.1,65,50,0
2017-12-17,62,29.54,5.3,7.2,74,50,0
2017-12-18,59,29.77,2.7,4.2,68,49,0
2017-12-19,56,29.82,3.4,1.2,65,47,0
2017-12-20,53,29.72,3.6,-1.8,62,44,0.1
2017-12-21,55,29.74,3.2,0.2,65,45,0
2017-12-22,53,29.87,3.2,-1.8,66,39,0
2017-12-23,54,29.8,2.2,-0.8,64,44,0
2017-12-24,55,29.75,2.2,0.2,67,43,0
2017-12-25,56,29.73,2,1.2,67,44,0
2017-12-26,55,29.74,2,0.2,64,45,0
2017-12-27,57,29.76,2.3,2.2,68,46,0
2017-12-28,59,29.73,2.1,4.1,71,47,0
2017-12-29,63,29.72,1.8,8.1,77,48,0
2017-12-30,60,29.7,2.5,5.1,72,47,0
2017-12-31,56,29.72,1.7,1.1,63,48,0
2018-01-01,55,29.78,1.8,0,64,45,0
2018-01-02,62,29.73,2.7,7,72,52,0
2018-01-03,63,29.7,1.4,7.9,73,52,0
2018-01-04,61,29.76,2.2,5.9,71,51,0
2018-01-05,60,29.8,2.7,4.8,68,52,0
2018-01-06,61,29.75,2.3,5.8,66,56,0
2018-01-07,60,29.68,1.5,4.8,66,53,0
2018-01-08,65,29.54,3.4,9.7,72,58,0.23
2018-01-09,59,29.45,9.3,3.7,63,55,2.77
2018-01-10,57,29.69,2.6,1.7,61,52,0.01
2018-01-11,58,29.83,2,2.7,67,49,0
2018-01-12,57,29.77,2.3,1.6,64,50,0
2018-01-13,68,29.73,3.5,12.6,83,52,0
2018-01-14,67,29.75,2.7,11.6,78,55,0
2018-01-15,59,29.73,2.8,3.6,67,50,0
2018-01-16,59,29.76,2.6,3.5,67,51,0
2018-01-17,60,29.76,1.4,4.5,69,51,0
2018-01-18,63,29.7,3.4,7.5,74,51,0
2018-01-19,58,29.63,6.8,2.5,62,53,0
2018-01-20,54,29.68,8.1,-1.5,60,48,0
2018-01-21,53,29.88,3,-2.5,60,46,0
2018-01-22,55,29.83,3.6,-0.5,64,45,0
2018-01-23,59,29.75,3.2,3.5,71,46,0
2018-01-24,60,29.71,2.4,4.4,73,47,0
2018-01-25,53,29.72,3.5,-2.6,61,45,0
2018-01-26,55,29.81,4.5,-0.6,61,48,0
2018-01-27,57,29.8,3.4,1.4,69,44,0
2018-01-28,70,29.75,4.9,14.4,88,52,0
2018-01-29,73,29.7,4.3,17.4,85,60,0
2018-01-30,68,29.65,1.9,12.4,78,57,0
2018-01-31,64,29.59,3.1,8.4,75,53,0
2018-02-01,64,29.65,2.2,8.4,76,51,0
2018-02-02,65,29.7,1.7,9.4,76,53,0
2018-02-03,63,29.7,2.4,7.4,73,53,0
2018-02-04,64,29.66,2.3,8.4,77,51,0
2018-02-05,60,29.59,3.4,4.4,68,51,0
2018-02-06,58,29.65,3.5,2.4,63,52,0
2018-02-07,61,29.79,1.2,5.3,73,49,0
2018-02-08,62,29.7,2.6,6.3,72,51,0
2018-02-09,56,29.62,3.5,0.3,64,48,0
2018-02-10,60,29.53,6,4.3,64,55,0
2018-02-11,58,29.54,3.5,2.3,64,52,0
2018-02-12,56,29.54,6.5,0.3,59,52,0
2018-02-13,56,29.73,4.1,0.2,63,49,0
2018-02-14,60,29.72,3.3,4.2,67,53,0
2018-02-15,60,29.72,3.1,4.2,67,52,0
2018-02-16,64,29.73,4,8.2,75,53,0
2018-02-17,60,29.72,3,4.1,69,50,0
2018-02-18,57,29.59,5.8,1.1,65,48,0
2018-02-19,52,29.57,10.6,-3.9,57,46,0
2018-02-20,47,29.75,3.7,-9,57,37,0
2018-02-21,49,29.78,4.2,-7,56,42,0
2018-02-22,51,29.85,7.1,-5,58,44,0.03
2018-02-23,50,29.84,7.5,-6.1,55,44,0.02
2018-02-24,51,29.9,4.3,-5.1,61,40,0
2018-02-25,52,29.79,3.6,-4.1,62,41,0
2018-02-26,54,29.64,7.3,-2.2,61,46,0
2018-02-27,49,29.62,3.5,-7.2,54,43,0.55
2018-02-28,50,29.83,4.7,-6.2,58,41,0
2018-03-01,52,29.8,4.1,-4.3,59,44,0
2018-03-02,53,29.72,5.9,-3.3,61,45,0.06
2018-03-03,57,29.7,6.1,0.7,60,53,0.42
2018-03-04,52,29.8,4.1,-4.3,58,46,0
2018-03-05,58,29.72,3.7,1.6,71,45,0
2018-03-06,60,29.67,3.4,3.6,70,50,0
2018-03-07,59,29.66,3,2.5,67,50,0
2018-03-08,59,29.67,2.6,2.5,66,51,0
2018-03-09,58,29.62,4.7,1.5,64,51,0
2018-03-10,58,29.62,3.9,1.4,59,56,0.43
2018-03-11,62,29.7,5.6,5.4,67,57,0.01
2018-03-12,61,29.7,3.2,4.4,65,57,0
2018-03-13,61,29.67,3.6,4.3,64,57,0.02
2018-03-14,60,29.65,7.2,3.3,62,57,0.15
2018-03-15,56,29.65,8.6,-0.7,60,52,0.24
2018-03-16,55,29.65,6,-1.8,60,49,0.09
2018-03-17,54,29.66,5.5,-2.8,59,49,0.62
2018-03-18,53,29.75,4.4,-3.8,59,46,0
2018-03-19,58,29.68,3.2,1.1,66,49,0
2018-03-20,59,29.63,3.1,2.1,67,51,0
2018-03-21,63,29.62,2.8,6,72,53,0
2018-03-22,62,29.68,4.6,5,67,56,0.15
2018-03-23,61,29.73,4.6,3.9,64,57,0.05
2018-03-24,57,29.67,6.5,-0.1,60,53,0
2018-03-25,55,29.66,5,-2.2,60,50,0
2018-03-26,54,29.65,5.8,-3.2,61,47,0
2018-03-27,58,29.73,4.6,0.7,67,49,0
2018-03-28,57,29.72,3.5,-0.3,66,48,0
2018-03-29,58,29.67,2.5,0.6,66,49,0
2018-03-30,59,29.68,3.4,1.5,67,51,0
2018-03-31,57,29.65,3.2,-0.5,62,51,0
2018-04-01,58,29.55,3.1,0.4,62,54,0
2018-04-02,59,29.52,5.5,1.3,61,57,0
2018-04-03,60,29.62,3.2,2.3,64,56,0
2018-04-04,59,29.67,3.2,1.2,61,56,0
2018-04-05,59,29.66,3.5,1.1,63,55,0
2018-04-06,62,29.62,6,4,67,57,0
2018-04-07,62,29.61,3.9,3.9,67,56,0
2018-04-08,63,29.58,4.1,4.8,68,58,0
2018-04-09,68,29.58,3.4,9.7,80,55,0
2018-04-10,70,29.63,2.9,11.6,83,57,0
2018-04-11,67,29.6,6,8.5,75,58,0
2018-04-12,60,29.68,5.9,1.4,64,55,0
2018-04-13,63,29.79,5.3,4.3,75,51,0
2018-04-14,67,29.78,3.9,8.2,81,53,0
2018-04-15,64,29.62,4.4,5.1,75,53,0
2018-04-16,58,29.68,5.3,-1,63,53,0
2018-04-17,55,29.73,5.1,-4.1,62,48,0
2018-04-18,57,29.67,6.5,-2.2,65,49,0
2018-04-19,56,29.68,6.9,-3.3,60,51,0.04
2018-04-20,60,29.73,6.3,0.5,70,49,0
2018-04-21,63,29.65,3.5,3.4,74,51,0
2018-04-22,64,29.57,4.1,4.3,72,55,0
2018-04-23,61,29.64,4,1.2,67,55,0
2018-04-24,61,29.65,3.8,1.1,67,54,0
2018-04-25,59,29.69,4.3,-1,64,54,0
2018-04-26,60,29.65,5.3,-0.1,64,56,0
2018-04-27,60,29.63,4.6,-0.3,64,55,0
2018-04-28,59,29.59,6.4,-1.4,65,52,0
2018-04-29,62,29.61,8.4,1.5,65,58,0
2018-04-30,60,29.6,9.2,-0.6,64,56,0
2018-05-01,57,29.56,8.8,-3.7,60,53,0.01
2018-05-02,57,29.68,5.5,-3.8,61,52,0.04
2018-05-03,58,29.77,3.7,-2.9,65,50,0
2018-05-04,65,29.72,3.9,4,75,54,0
2018-05-05,65,29.59,3.8,3.9,73,56,0
2018-05-06,64,29.62,4.1,2.8,71,56,0
2018-05-07,62,29.66,4.6,0.7,66,57,0
2018-05-08,61,29.62,5.1,-0.3,67,54,0
2018-05-09,63,29.57,5.7,1.6,67,58,0
2018-05-10,63,29.51,6.3,1.5,67,59,0
2018-05-11,59,29.52,9.9,-2.6,61,57,0
2018-05-12,59,29.61,6.4,-2.7,63,54,0.01
2018-05-13,62,29.64,4.8,0.3,66,57,0
2018-05-14,60,29.62,4.2,-1.8,65,55,0
2018-05-15,63,29.66,4.3,1.1,66,59,0
2018-05-16,62,29.64,3.8,0,67,56,0
2018-05-17,63,29.62,8,1,66,59,0
2018-05-18,61,29.58,6.3,-1.1,64,58,0
2018-05-19,61,29.56,4.8,-1.2,63,59,0
2018-05-20,60,29.55,5.2,-2.2,62,58,0.02
2018-05-21,60,29.52,7.4,-2.3,63,57,0.01
2018-05-22,61,29.55,5.2,-1.4,64,58,0
2018-05-23,61,29.62,5.8,-1.4,65,57,0
2018-05-24,60,29.7,5.5,-2.5,63,57,0.03
2018-05-25,63,29.72,5.4,0.4,66,59,0
2018-05-26,61,29.64,5.9,-1.6,65,56,0
2018-05-27,62,29.58,4.5,-0.7,67,57,0
2018-05-28,64,29.57,4.6,1.2,67,60,0
2018-05-29,63,29.5,5.4,0.1,66,60,0
2018-05-30,63,29.52,6.5,0.1,67,58,0
2018-05-31,63,29.57,6.2,0,67,59,0
2018-06-01,64,29.6,4.3,0.9,68,60,0
2018-06-02,64,29.59,4.3,0.8,71,57,0
2018-06-03,64,29.54,4.9,0.7,69,59,0
2018-06-04,64,29.53,5.8,0.6,67,60,0
2018-06-05,64,29.54,6.9,0.5,67,61,0
2018-06-06,65,29.53,5.6,1.4,69,60,0
2018-06-07,63,29.57,4.4,-0.7,66,59,0
2018-06-08,65,29.55,4.1,1.2,72,57,0
2018-06-09,65,29.54,5.2,1.1,71,58,0
2018-06-10,67,29.51,5.8,3,71,62,0
2018-06-11,65,29.45,3.8,0.9,71,59,0
2018-06-12,65,29.47,5,0.8,69,60,0
2018-06-13,65,29.47,5,0.6,70,59,0
2018-06-14,68,29.46,4.7,3.5,76,60,0
2018-06-15,67,29.43,5.4,2.4,71,63,0
2018-06-16,62,29.49,9.6,-2.7,64,60,0
2018-06-17,63,29.59,7,-1.9,65,60,0
2018-06-18,64,29.63,4.9,-1,68,60,0
2018-06-19,65,29.59,4.3,-0.1,68,61,0
2018-06-20,65,29.57,4.7,-0.3,68,61,0
2018-06-21,66,29.57,4.2,0.6,69,62,0
2018-06-22,67,29.5,3.9,1.5,71,62,0
2018-06-23,64,29.5,8,-1.7,67,61,0
2018-06-24,65,29.57,5.7,-0.8,68,61,0
2018-06-25,65,29.59,4.2,-0.9,69,61,0
2018-06-26,68,29.59,3.8,1.9,72,63,0
2018-06-27,66,29.57,4.6,-0.2,70,62,0
2018-06-28,65,29.55,5.8,-1.3,68,62,0
2018-06-29,66,29.57,8.2,-0.5,70,62,0
2018-06-30,66,29.59,5.8,-0.6,69,62,0
2018-07-01,65,29.63,4.4,-1.7,69,61,0
2018-07-02,68,29.59,4.6,1.2,72,63,0
2018-07-03,67,29.58,6.1,0,70,64,0
2018-07-04,68,29.64,4.9,0.9,72,64,0
2018-07-05,71,29.64,4.5,3.8,78,64,0
2018-07-06,78,29.49,3.7,10.7,90,65,0
2018-07-07,82,29.48,3.8,14.6,90,73,0
2018-07-08,81,29.53,4.6,13.5,89,73,0
2018-07-09,76,29.57,3.9,8.4,81,71,0
2018-07-10,73,29.59,3.8,5.3,76,69,0
2018-07-11,72,29.54,4.3,4.2,77,67,0
2018-07-12,71,29.6,4.3,3.1,75,67,0
2018-07-13,71,29.64,4.4,3,74,67,0
2018-07-14,71,29.6,4.4,2.9,74,67,0
2018-07-15,70,29.59,5.3,1.8,74,65,0
2018-07-16,69,29.6,5.4,0.7,74,64,0
2018-07-17,68,29.61,4.2,-0.4,71,65,0
2018-07-18,69,29.63,5.1,0.6,73,65,0
2018-07-19,70,29.59,4.9,1.5,75,65,0
2018-07-20,70,29.59,4.5,1.4,73,66,0
2018-07-21,70,29.62,4.1,1.4,73,67,0
2018-07-22,71,29.64,3.5,2.3,77,64,0
2018-07-23,73,29.55,4.5,4.2,80,66,0
2018-07-24,74,29.55,5,5.2,80,68,0
2018-07-25,73,29.58,4.5,4.1,77,68,0
2018-07-26,71,29.57,4.8,2,74,67,0
2018-07-27,71,29.52,3.3,2,77,65,0
2018-07-28,71,29.57,5.1,1.9,74,68,0
2018-07-29,73,29.6,3.8,3.9,79,67,0
2018-07-30,73,29.57,4.4,3.8,78,68,0
2018-07-31,73,29.57,4.2,3.8,78,68,0
2018-08-01,76,29.57,4.5,6.7,81,70,0
2018-08-02,74,29.54,4,4.7,79,69,0
2018-08-03,72,29.53,3.8,2.6,77,67,0
2018-08-04,73,29.49,5.1,3.6,78,67,0
2018-08-05,70,29.49,3.8,0.5,75,64,0
2018-08-06,71,29.45,3.9,1.5,78,63,0
2018-08-07,76,29.44,4.2,6.4,84,68,0
2018-08-08,79,29.54,3.6,9.4,87,70,0
2018-08-09,79,29.55,3.1,9.3,86,71,0
2018-08-10,81,29.62,4.7,11.3,86,75,0
2018-08-11,78,29.6,3.9,8.2,83,73,0
2018-08-12,76,29.6,4.8,6.2,80,72,0
2018-08-13,74,29.59,5,4.2,78,70,0
2018-08-14,73,29.53,4.6,3.1,77,68,0
2018-08-15,74,29.55,4.5,4.1,77,70,0
2018-08-16,74,29.65,4.7,4.1,77,70,0
2018-08-17,74,29.67,4,4,77,71,0
2018-08-18,75,29.65,4.5,5,78,71,0
2018-08-19,73,29.55,5.2,3,77,69,0
2018-08-20,74,29.56,5.3,4,77,70,0
2018-08-21,74,29.59,4.8,4,77,70,0
2018-08-22,73,29.64,4.6,2.9,77,69,0
2018-08-23,73,29.62,4.2,2.9,77,69,0
2018-08-24,72,29.57,4.9,1.9,75,68,0
2018-08-25,71,29.58,4.8,0.9,75,67,0
2018-08-26,73,29.6,3.8,2.9,77,68,0
2018-08-27,71,29.57,4.6,0.9,75,67,0
2018-08-28,71,29.57,3.9,1,76,66,0
2018-08-29,72,29.57,3.2,2,78,66,0
2018-08-30,72,29.57,3.1,2,79,64,0
2018-08-31,70,29.49,4.4,0,75,65,0
2018-09-01,71,29.45,6.3,1.1,74,67,0
2018-09-02,72,29.5,6.4,2.1,75,68,0
2018-09-03,70,29.52,4.5,0.2,72,67,0
2018-09-04,69,29.52,3.3,-0.8,71,67,0
2018-09-05,71,29.6,3.9,1.3,75,67,0
2018-09-06,70,29.65,3.4,0.3,74,65,0
2018-09-07,70,29.59,3.6,0.4,74,66,0
2018-09-08,71,29.49,2.2,1.5,78,64,0
2018-09-09,71,29.48,3.5,1.5,78,63,0
2018-09-10,69,29.49,4.4,-0.4,74,64,0
2018-09-11,67,29.5,5.2,-2.3,72,62,0
2018-09-12,70,29.52,4.3,0.8,74,65,0
2018-09-13,69,29.52,3.1,-0.1,76,62,0
2018-09-14,71,29.45,3.3,2,79,62,0
2018-09-15,72,29.47,3.3,3.1,78,65,0
2018-09-16,71,29.52,2.9,2.2,78,64,0
2018-09-17,68,29.52,3,-0.7,76,59,0
2018-09-18,68,29.49,3.2,-0.6,75,60,0
2018-09-19,68,29.41,4.1,-0.5,73,63,0
2018-09-20,67,29.5,4.7,-1.4,71,63,0
2018-09-21,66,29.6,2.1,-2.2,72,60,0
2018-09-22,69,29.55,3.2,0.9,74,64,0
2018-09-23,70,29.51,4,2,74,65,0
2018-09-24,66,29.52,3.3,-1.9,67,64,0
2018-09-25,68,29.56,2.9,0.2,70,65,0
2018-09-26,67,29.59,3.3,-0.7,70,63,0
2018-09-27,67,29.52,3.1,-0.5,71,62,0
2018-09-28,68,29.51,3.2,0.6,72,64,0
2018-09-29,68,29.54,4.2,0.7,72,64,0
2018-09-30,69,29.5,2.7,1.8,75,62,0
2018-10-01,78,29.44,2,10.9,89,67,0
2018-10-02,72,29.52,5.1,5.1,76,67,0
2018-10-03,70,29.57,4.6,3.2,74,66,0
2018-10-04,68,29.6,4.9,1.3,72,64,0.51
2018-10-05,68,29.57,3.5,1.4,71,64,0
2018-10-06,67,29.44,6,0.5,70,63,0
2018-10-07,66,29.44,6,-0.4,70,61,0
2018-10-08,65,29.47,3.5,-1.3,70,59,0
2018-10-09,65,29.49,4.2,-1.1,70,59,0
2018-10-10,64,29.48,4,-2,69,58,0
2018-10-11,65,29.46,2.8,-0.9,70,60,0
2018-10-12,64,29.43,4,-1.8,71,56,0.15
2018-10-13,64,29.52,2.9,-1.7,68,60,0.01
2018-10-14,65,29.57,2.6,-0.6,70,60,0
2018-10-15,71,29.63,4.5,5.5,83,58,0
2018-10-16,65,29.65,3.7,-0.4,77,52,0
2018-10-17,65,29.67,3,-0.2,75,55,0
2018-10-18,70,29.65,3,4.9,82,57,0
2018-10-19,71,29.6,3.2,6,84,58,0
2018-10-20,72,29.56,3.9,7.1,82,61,0
2018-10-21,65,29.54,3.5,0.3,73,57,0
2018-10-22,65,29.53,3.7,0.4,68,61,0
2018-10-23,65,29.54,2.5,0.5,69,61,0
2018-10-24,66,29.59,3.3,1.7,70,62,0
2018-10-25,65,29.64,2.2,0.8,69,60,0
2018-10-26,64,29.63,1.6,0,72,56,0
2018-10-27,64,29.62,2.1,0.1,74,54,0
2018-10-28,64,29.63,1.9,0.3,71,56,0
2018-10-29,64,29.6,3.8,0.4,71,56,0
2018-10-30,65,29.55,4.2,1.6,69,60,0
2018-10-31,67,29.65,2.9,3.8,77,57,0
2018-11-01,66,29.67,2.2,3,76,55,0
2018-11-02,70,29.65,3.2,7.1,83,57,0
2018-11-03,68,29.59,2.3,5.3,78,57,0
2018-11-04,65,29.57,2.6,2.5,72,57,0
2018-11-05,62,29.52,3.7,-0.3,69,54,0
2018-11-06,67,29.57,4,4.9,70,63,0
2018-11-07,66,29.6,3,4.1,69,62,0
2018-11-08,66,29.59,3.1,4.4,71,61,0
2018-11-09,72,29.62,4.4,10.6,85,58,0
2018-11-10,65,29.59,3.1,3.8,76,53,0
2018-11-11,65,29.68,2.6,4,78,51,0
2018-11-12,64,29.85,6.4,3.2,79,48,0
2018-11-13,69,29.91,7.2,8.5,80,57,0
2018-11-14,68,29.81,3.1,7.7,80,56,0
2018-11-15,63,29.69,2.4,2.9,74,51,0
2018-11-16,63,29.64,3.6,3.2,74,52,0
2018-11-17,61,29.67,2.7,1.4,70,52,0
2018-11-18,61,29.68,2.8,1.7,70,51,0
2018-11-19,61,29.66,2.9,1.9,69,52,0
2018-11-20,59,29.66,3.2,0.1,67,50,0
2018-11-21,61,29.75,3.2,2.4,69,53,0
2018-11-22,63,29.79,4.4,4.6,67,58,0.11
2018-11-23,61,29.75,3.5,2.8,66,56,0
2018-11-24,62,29.59,4.7,4,67,57,0
2018-11-25,63,29.63,2.2,5.3,72,53,0
2018-11-26,64,29.72,3.1,6.5,73,54,0
2018-11-27,62,29.67,3.2,4.7,72,52,0
2018-11-28,59,29.59,5.1,1.9,66,52,0
2018-11-29,60,29.5,10.3,3.1,63,57,0.82
2018-11-30,59,29.56,6.1,2.3,64,54,0.08
2018-12-01,58,29.6,6.2,1.4,63,52,0.01
2018-12-02,56,29.66,3.5,-0.4,62,49,0
2018-12-03,57,29.74,3,0.8,66,47,0
2018-12-04,58,29.65,2.2,1.9,69,47,0
2018-12-05,54,29.55,4.6,-1.9,61,47,0.56
2018-12-06,60,29.52,5.9,4.2,66,54,0.86
2018-12-07,61,29.69,3.3,5.4,69,53,0.01
2018-12-08,59,29.87,2.4,3.5,67,50,0
2018-12-09,61,29.84,2.5,5.6,72,49,0
2018-12-10,59,29.69,2.4,3.7,66,52,0
2018-12-11,59,29.67,3.3,3.8,65,52,0
2018-12-12,57,29.75,3.7,1.9,64,50,0
2018-12-13,62,29.82,2.3,6.9,76,47,0
2018-12-14,60,29.77,1.7,5,69,51,0
2018-12-15,59,29.71,2.9,4.1,67,51,0
2018-12-16,56,29.77,2,1.1,66,46,0
2018-12-17,59,29.81,2.2,4.2,65,52,0
2018-12-18,59,29.82,2.5,4.2,65,52,0
2018-12-19,59,29.78,2.2,4.2,67,50,0
2018-12-20,57,29.7,2.6,2.2,68,46,0
2018-12-21,59,29.63,1.7,4.2,66,51,0
2018-12-22,56,29.7,1.9,1.2,65,47,0
2018-12-23,58,29.75,3.1,3.2,64,51,0
2018-12-24,57,29.65,3.4,2.2,63,50,0.01
2018-12-25,55,29.48,6.3,0.2,60,50,0.21
2018-12-26,56,29.63,4.3,1.2,63,48,0
2018-12-27,55,29.56,5.1,0.2,62,47,0
2018-12-28,54,29.7,5.4,-0.9,63,44,0
2018-12-29,51,29.87,3,-3.9,61,41,0
2018-12-30,52,29.67,4.8,-2.9,61,43,0
2018-12-31,53,29.52,7,-1.9,60,45,0.06
2019-01-01,51,29.72,4.9,-4,61,41,0
2019-01-03,53,29.79,2.9,-2.1,64,42,0
2019-01-04,51,29.66,2.9,-4.1,62,40,0
2019-01-05,55,29.62,4.3,-0.2,60,49,0.22
2019-01-06,56,29.74,4.2,0.8,62,50,0.08
2019-01-07,58,29.85,3.2,2.8,66,50,0
2019-01-08,60,29.74,2.8,4.7,70,50,0
2019-01-09,56,29.75,3.2,0.7,64,48,0
2019-01-10,57,29.76,2.7,1.7,63,51,0
2019-01-11,56,29.68,2.4,0.7,62,49,0
2019-01-12,56,29.67,4.4,0.6,61,51,0.83
2019-01-13,56,29.68,3,0.6,64,48,0
2019-01-14,58,29.63,8.9,2.6,62,54,0.26
2019-01-15,59,29.69,6.2,3.6,63,55,0.35
2019-01-16,63,29.8,6.8,7.5,68,57,0.24
2019-01-17,61,29.82,6.2,5.5,62,59,0.31
2019-01-18,59,29.87,3.2,3.5,64,54,0.09
2019-01-19,61,29.82,2.3,5.5,71,50,0
2019-01-20,64,29.69,3.4,8.5,74,53,0
2019-01-21,57,29.7,7,1.5,62,51,0
2019-01-22,58,29.86,4.2,2.5,70,45,0
2019-01-23,57,29.88,3.5,1.5,69,45,0
2019-01-24,61,29.74,3.1,5.4,76,46,0
2019-01-25,63,29.75,3.4,7.4,76,49,0
2019-01-26,64,29.8,3.5,8.4,76,52,0
2019-01-27,63,29.72,2.8,7.4,75,51,0
2019-01-28,61,29.61,1.4,5.4,71,51,0
2019-01-29,59,29.55,2.3,3.4,66,52,0
2019-01-30,61,29.55,3.4,5.4,65,56,0
2019-01-31,58,29.59,5.7,2.4,63,53,0.71
2019-02-01,57,29.62,4.3,1.4,63,51,0.01
2019-02-02,59,29.51,7.8,3.4,65,53,1.19
2019-02-03,57,29.55,6.7,1.4,62,51,0.14
2019-02-04,58,29.51,8.9,2.4,62,53,0.28
2019-02-05,55,29.58,7.1,-0.6,58,52,0.13
2019-02-06,49,29.75,4.6,-6.6,57,41,0
2019-02-07,51,29.84,3.5,-4.7,60,41,0
2019-02-08,52,29.72,2.4,-3.7,62,41,0
2019-02-09,54,29.67,3.6,-1.7,59,48,0.04
2019-02-10,53,29.68,6.8,-2.7,60,45,0.07
2019-02-11,51,29.78,4.2,-4.7,59,42,0
2019-02-12,57,29.7,1.5,1.3,71,42,0
2019-02-13,60,29.59,5.4,4.2,67,52,0.64
2019-02-14,59,29.51,10.5,3.2,64,53,1.77
2019-02-15,56,29.73,5.5,0.2,61,51,0.02
2019-02-16,55,29.75,5.9,-0.8,60,50,0.01
2019-02-17,55,29.68,9.8,-0.9,59,50,0.1
2019-02-18,49,29.67,4.2,-6.9,56,42,0.04
2019-02-19,50,29.75,4.4,-5.9,60,40,0
2019-02-20,50,29.55,8.8,-6,57,42,0.11
2019-02-21,50,29.31,7.9,-6,57,42,0.03
2019-02-22,49,29.65,4.7,-7,58,39,0
2019-02-23,52,29.9,4.3,-4.1,62,42,0
2019-02-24,53,29.77,3.3,-3.1,62,43,0
2019-02-25,55,29.7,3,-1.1,65,45,0
2019-02-26,54,29.72,2.4,-2.2,62,46,0
2019-02-27,56,29.77,2.8,-0.2,62,50,0
2019-02-28,62,29.75,3.3,5.8,68,55,0
2019-03-01,61,29.7,2.6,4.7,64,57,0
2019-03-02,59,29.68,7.3,2.7,61,56,0.37
2019-03-03,59,29.72,5.3,2.7,62,55,0.08
2019-03-04,57,29.7,3.5,0.7,61,52,0.02
2019-03-05,58,29.62,6.1,1.6,68,48,0.03
2019-03-06,63,29.62,5.3,6.6,67,58,0.2
2019-03-07,58,29.67,4.6,1.5,62,53,0.02
2019-03-08,54,29.68,5.9,-2.5,58,49,0.06
2019-03-09,53,29.65,5.2,-3.5,59,46,0
2019-03-10,53,29.59,4,-3.6,59,47,0
2019-03-11,54,29.49,3.2,-2.6,59,49,0.12
2019-03-12,56,29.44,6.6,-0.6,62,50,0.23
2019-03-13,57,29.65,5.7,0.3,62,51,0
2019-03-14,61,29.78,5.2,4.3,72,50,0
2019-03-15,64,29.68,4.3,7.3,75,52,0
2019-03-16,64,29.64,4,7.2,75,53,0
2019-03-17,62,29.62,3.3,5.2,72,51,0
2019-03-18,62,29.62,3.8,5.2,69,54,0
2019-03-19,59,29.6,4.9,2.1,64,53,0
2019-03-20,61,29.68,4.6,4.1,66,55,0.24
2019-03-21,57,29.77,3.5,0,62,52,0.09
2019-03-22,56,29.79,3.8,-1,62,49,0.02
2019-03-23,57,29.79,3.9,-0.1,63,50,0
2019-03-24,60,29.79,4.1,2.9,65,54,0
2019-03-25,58,29.73,2.9,0.8,66,50,0
2019-03-26,59,29.65,2.8,1.8,66,51,0
2019-03-27,61,29.71,3.9,3.7,65,56,0
2019-03-28,60,29.83,4.1,2.7,65,54,0
2019-03-29,57,29.78,4,-0.4,64,50,0
2019-03-30,60,29.66,3.3,2.5,69,51,0
2019-03-31,66,29.64,3,8.5,78,54,0
2019-04-01,71,29.57,3.4,13.4,80,61,0
2019-04-02,62,29.6,6.6,4.3,66,57,0.15
2019-04-03,62,29.7,4.5,4.3,65,58,0.07
2019-04-04,61,29.7,4.6,3.2,65,56,0
2019-04-05,61,29.67,4.1,3.1,65,56,0.01
2019-04-06,62,29.74,4.3,4,66,57,0
2019-04-07,64,29.74,2.5,5.9,73,55,0
2019-04-08,69,29.68,3.5,10.8,79,58,0
2019-04-09,63,29.62,4,4.7,69,57,0
2019-04-10,61,29.69,5,2.6,70,51,0
2019-04-11,60,29.59,5.9,1.5,67,53,0
2019-04-12,62,29.46,5.4,3.4,67,56,0
2019-04-13,62,29.61,4,3.3,71,53,0
2019-04-14,63,29.57,3.5,4.2,71,54,0
2019-04-15,60,29.54,4.6,1.1,64,56,0
2019-04-16,61,29.64,7.6,2,64,58,0
2019-04-17,63,29.74,4.3,3.9,70,55,0
2019-04-18,65,29.7,4.1,5.8,73,56,0
2019-04-19,62,29.59,4.5,2.7,66,58,0
2019-04-20,61,29.62,5.8,1.5,63,58,0
2019-04-21,60,29.65,6.2,0.4,64,56,0
2019-04-22,60,29.62,4,0.3,66,54,0
2019-04-23,62,29.59,3.2,2.2,67,56,0
2019-04-24,64,29.62,4.2,4.1,69,58,0
2019-04-25,63,29.62,4.4,3,68,58,0
2019-04-26,63,29.63,3.9,2.9,66,59,0
2019-04-27,63,29.6,4.5,2.7,67,59,0
2019-04-28,65,29.51,6.2,4.6,69,60,0
2019-04-29,62,29.51,6.6,1.5,66,58,0.42
2019-04-30,60,29.62,5.4,-0.6,63,57,0.05
2019-05-01,63,29.64,4.6,2.3,66,59,0
2019-05-02,62,29.6,3.8,1.2,67,57,0
2019-05-03,64,29.59,3.1,3.1,67,60,0
2019-05-04,63,29.54,4.3,2,67,58,0
2019-05-05,63,29.52,5.2,1.9,67,59,0
2019-05-06,64,29.57,5.9,2.8,68,59,0
2019-05-07,62,29.7,5.2,0.7,66,58,0.1
2019-05-08,62,29.61,4.4,0.7,64,59,0
2019-05-09,62,29.47,3.3,0.6,65,59,0.13
2019-05-10,63,29.49,4.4,1.5,68,58,0
2019-05-11,65,29.55,3.5,3.4,70,60,0.03
2019-05-12,66,29.59,4.6,4.3,70,61,0
2019-05-13,66,29.64,3.9,4.3,68,63,0
2019-05-14,66,29.62,3.6,4.2,69,63,0
2019-05-15,64,29.59,4.6,2.1,66,62,0
2019-05-16,63,29.59,8,1,66,60,0.18
2019-05-17,62,29.64,5.8,0,66,58,0
2019-05-18,61,29.59,5.8,-1.1,68,54,0
2019-05-19,62,29.54,7,-0.2,67,56,0.32
2019-05-20,61,29.58,8,-1.2,65,57,0.16
2019-05-21,61,29.53,9.8,-1.3,64,57,0
2019-05-22,61,29.41,7.6,-1.4,64,58,0
2019-05-23,61,29.61,6.9,-1.4,65,57,0
2019-05-24,61,29.59,4,-1.5,68,54,0
2019-05-25,62,29.54,5.1,-0.6,67,56,0
2019-05-26,60,29.59,6.6,-2.6,62,57,0.09
2019-05-27,60,29.65,5.3,-2.7,64,56,0.01
2019-05-28,60,29.56,5.3,-2.8,67,53,0
2019-05-29,63,29.51,4.7,0.1,68,57,0
2019-05-30,64,29.54,4.7,1.1,67,61,0
2019-05-31,64,29.53,5.2,1,66,61,0
2019-06-01,63,29.52,5,-0.1,66,59,0
2019-06-02,63,29.54,4.9,-0.2,65,60,0
2019-06-03,64,29.55,3.9,0.7,66,61,0
2019-06-04,64,29.56,4.1,0.6,66,61,0
2019-06-05,64,29.57,4.1,0.5,66,61,0
2019-06-06,64,29.57,4.9,0.4,66,61,0
2019-06-07,64,29.54,5,0.3,67,61,0
2019-06-08,65,29.55,5.5,1.2,68,61,0
2019-06-09,67,29.59,3.9,3.1,74,59,0
2019-06-10,72,29.61,4,8,84,60,0
2019-06-11,68,29.62,4.6,3.9,74,62,0
2019-06-12,67,29.59,4.1,2.8,71,63,0
2019-06-13,64,29.58,5.3,-0.4,67,61,0
2019-06-14,65,29.59,5.6,0.5,68,62,0
2019-06-15,67,29.57,5,2.4,70,63,0
2019-06-16,65,29.52,3.9,0.3,67,63,0
2019-06-17,64,29.54,3.4,-0.9,65,62,0
2019-06-18,64,29.59,2.9,-1,67,61,0
2019-06-19,66,29.61,4,0.9,70,61,0
2019-06-20,66,29.59,5.8,0.7,70,62,0
2019-06-21,66,29.56,6.6,0.6,69,62,0.06
2019-06-22,67,29.59,5.4,1.5,71,63,0
2019-06-23,69,29.6,4.5,3.3,72,65,0
2019-06-24,66,29.54,3.7,0.2,69,63,0
2019-06-25,64,29.54,4,-1.9,65,62,0
2019-06-26,66,29.6,3.8,-0.1,69,62,0
2019-06-27,67,29.64,3.4,0.8,71,63,0
2019-06-28,68,29.63,3.4,1.7,73,63,0
2019-06-29,70,29.62,3.3,3.5,76,63,0
2019-06-30,73,29.62,4.2,6.4,79,67,0
2019-07-01,68,29.59,4.2,1.3,73,63,0
2019-07-02,68,29.56,5.8,1.2,73,63,0
2019-07-03,68,29.54,7.6,1,71,64,0
2019-07-04,68,29.58,5.8,0.9,71,65,0
2019-07-05,69,29.64,5.4,1.8,72,65,0
2019-07-06,68,29.64,4.6,0.7,70,65,0
2019-07-07,68,29.62,7.1,0.6,71,64,0
2019-07-08,68,29.64,6.2,0.5,72,64,0
2019-07-09,70,29.66,4.3,2.4,74,66,0
2019-07-10,70,29.67,4.1,2.3,74,65,0
2019-07-11,71,29.61,4.9,3.2,75,66,0
2019-07-12,70,29.5,4,2.1,74,66,0
2019-07-13,70,29.52,4.9,2,74,65,0
2019-07-14,69,29.59,3.3,0.9,73,65,0
2019-07-15,70,29.54,3.3,1.8,75,65,0
2019-07-16,70,29.49,5,1.7,74,65,0
2019-07-17,69,29.58,5.7,0.6,72,65,0
2019-07-18,70,29.59,4.9,1.6,74,66,0
2019-07-19,68,29.58,4.9,-0.5,71,65,0
2019-07-20,71,29.57,4.8,2.4,74,67,0
2019-07-21,72,29.56,4.1,3.4,75,68,0
2019-07-22,73,29.6,4.2,4.3,77,68,0
2019-07-23,76,29.6,3.3,7.2,82,70,0
2019-07-24,77,29.58,3.7,8.2,83,71,0
2019-07-25,79,29.57,3.8,10.1,85,72,0
2019-07-26,77,29.61,4.5,8,83,71,0
2019-07-27,75,29.59,4.1,6,78,71,0
2019-07-28,72,29.59,4.7,2.9,77,67,0
2019-07-29,71,29.54,4.2,1.9,75,67,0
2019-07-30,71,29.55,5.2,1.8,74,67,0
2019-07-31,70,29.6,4.1,0.8,74,66,0
2019-08-01,72,29.61,3.2,2.7,76,68,0
2019-08-02,72,29.59,3.3,2.7,75,68,0
2019-08-03,71,29.56,3.4,1.6,75,67,0
2019-08-04,72,29.57,4,2.6,77,66,0
2019-08-05,71,29.56,4.4,1.5,76,66,0
2019-08-06,72,29.55,5,2.5,76,68,0
2019-08-07,70,29.57,4.9,0.4,73,67,0
2019-08-08,70,29.56,4.1,0.4,74,66,0
2019-08-09,70,29.54,4.1,0.3,75,64,0
2019-08-10,70,29.57,4.2,0.3,75,64,0
2019-08-11,69,29.59,3.9,-0.8,73,65,0
2019-08-12,68,29.6,3.7,-1.8,73,63,0
2019-08-13,69,29.59,3.1,-0.8,74,64,0
2019-08-14,70,29.59,2.8,0.1,75,64,0
2019-08-15,69,29.57,3.1,-0.9,74,64,0
2019-08-16,69,29.57,4.8,-0.9,73,65,0
2019-08-17,69,29.54,4.2,-1,72,65,0
2019-08-18,70,29.54,4.3,0,73,67,0
2019-08-19,72,29.57,3.5,2,75,68,0
2019-08-20,72,29.55,2.9,2,77,67,0
2019-08-21,71,29.46,3.9,1,78,64,0
2019-08-22,69,29.42,6,-1.1,72,65,0
2019-08-23,70,29.5,4.4,-0.1,74,66,0
2019-08-24,71,29.57,3.7,0.9,76,65,0
2019-08-25,76,29.57,2.7,5.9,84,68,0
2019-08-26,77,29.51,4.1,6.9,83,71,0
2019-08-27,74,29.49,4.4,3.9,78,70,0
2019-08-28,73,29.57,4.5,3,76,69,0
2019-08-29,74,29.59,3.9,4,78,69,0
2019-08-30,75,29.57,3.6,5,79,70,0
2019-08-31,75,29.52,3.9,5,80,69,0
2019-09-01,75,29.52,3.5,5.1,79,70,0
2019-09-02,78,29.57,3.8,8.1,86,70,0
2019-09-03,79,29.53,3.8,9.2,85,73,0
2019-09-04,80,29.49,3.4,10.2,87,73,0
2019-09-05,79,29.58,4.6,9.3,84,74,0
2019-09-06,79,29.62,3.5,9.3,85,72,0
2019-09-07,76,29.57,5.1,6.4,81,71,0
2019-09-08,72,29.52,6.9,2.5,76,67,0
2019-09-09,71,29.5,5.6,1.5,75,66,0
2019-09-10,71,29.54,6.2,1.6,75,67,0
2019-09-11,71,29.59,4.7,1.7,76,66,0
2019-09-12,72,29.59,3,2.8,78,66,0
2019-09-13,75,29.55,3,5.9,81,68,0
2019-09-14,77,29.53,3.5,8,87,67,0
2019-09-15,76,29.52,3.5,7.1,84,68,0
2019-09-16,74,29.54,4.1,5.2,78,69,0
2019-09-17,71,29.57,4,2.3,76,65,0
2019-09-18,69,29.54,4,0.4,75,62,0
2019-09-19,70,29.51,5.8,1.5,74,65,0
2019-09-20,68,29.51,3.2,-0.4,75,61,0
2019-09-21,71,29.49,2.8,2.8,77,64,0
2019-09-22,74,29.52,3.9,5.9,83,64,0
2019-09-23,69,29.57,3.8,1,75,63,0
2019-09-24,68,29.49,3.7,0.1,77,59,0
2019-09-25,71,29.47,4.6,3.2,75,66,0
2019-09-26,71,29.6,5.2,3.3,74,68,0
2019-09-27,70,29.53,4.1,2.5,72,67,0
2019-09-28,68,29.45,6.1,0.6,72,64,0.04
2019-09-29,65,29.5,5.6,-2.3,70,59,0
2019-09-30,63,29.49,4.9,-4.2,71,55,0
2019-10-01,63,29.51,4.4,-4.1,70,56,0
2019-10-02,65,29.55,3.5,-1.9,73,56,0
2019-10-03,65,29.57,2.9,-1.8,72,57,0
2019-10-04,64,29.62,3,-2.7,72,55,0
2019-10-05,64,29.64,2.3,-2.6,74,53,0
2019-10-06,67,29.62,2.3,0.5,78,55,0
2019-10-07,67,29.56,2.3,0.6,77,57,0
2019-10-08,64,29.5,3.5,-2.3,73,54,0
2019-10-09,66,29.49,4.9,-0.1,69,62,0
2019-10-10,66,29.52,3.7,0,72,59,0
2019-10-11,72,29.54,3.9,6.1,88,56,0
2019-10-12,64,29.49,2.5,-1.8,73,55,0
2019-10-13,63,29.51,4.6,-2.7,70,56,0
2019-10-14,66,29.57,3.3,0.4,70,61,0
2019-10-15,64,29.59,3.2,-1.5,72,56,0
2019-10-16,70,29.51,3,4.6,81,59,0
2019-10-17,67,29.45,6.7,1.8,72,61,0
2019-10-18,66,29.54,3.2,0.9,72,59,0
2019-10-19,65,29.53,3.1,0,74,56,0
2019-10-20,64,29.52,3.4,-0.9,73,55,0
2019-10-21,75,29.62,3.5,10.3,89,61,0
2019-10-22,77,29.64,2.6,12.4,91,63,0
2019-10-23,74,29.52,3.5,9.5,84,63,0
2019-10-24,77,29.57,4.1,12.7,92,61,0
2019-10-25,78,29.59,3,13.8,91,65,0
2019-10-26,73,29.44,4.3,9,84,61,0
2019-10-27,63,29.46,7.5,-0.9,68,58,0
2019-10-28,66,29.58,4.6,2.3,78,53,0
2019-10-29,60,29.56,5,-3.6,69,51,0
2019-10-30,65,29.71,7.3,1.6,78,51,0
2019-10-31,61,29.72,3.1,-2.2,75,46,0
2019-11-01,63,29.7,2.7,0,75,50,0
2019-11-02,63,29.66,2.6,0.1,75,51,0
2019-11-03,62,29.6,2.2,-0.7,74,49,0
2019-11-04,61,29.59,1.7,-1.5,71,51,0
2019-11-05,61,29.62,2.6,-1.3,70,51,0
2019-11-06,61,29.63,2.3,-1.1,66,56,0
2019-11-07,62,29.7,2.3,0.1,67,56,0
2019-11-08,61,29.7,1.5,-0.6,71,51,0
2019-11-09,70,29.63,2.9,8.6,81,58,0
2019-11-10,60,29.63,3.5,-1.2,67,53,0
2019-11-11,61,29.66,2.1,0,66,55,0
2019-11-12,61,29.67,2.3,0.2,68,53,0
2019-11-13,60,29.64,2.3,-0.5,66,54,0
2019-11-14,62,29.72,2.8,1.7,67,57,0
2019-11-15,61,29.7,2.2,0.9,67,55,0
2019-11-16,59,29.61,2.2,-0.8,68,50,0
2019-11-17,72,29.58,2.8,12.4,89,54,0
2019-11-18,76,29.5,2.8,16.7,91,60,0
2019-11-19,68,29.34,5.2,8.9,77,59,0.06
2019-11-20,57,29.28,8.1,-1.9,62,52,0.92
2019-11-21,59,29.55,5.8,0.4,64,54,0.04
2019-11-22,59,29.74,3.3,0.6,67,51,0
2019-11-23,62,29.72,2.2,3.8,71,52,0
2019-11-24,61,29.67,2.8,3,71,51,0
2019-11-25,59,29.51,5.3,1.3,68,49,0
2019-11-26,59,29.51,4.5,1.5,67,51,0
2019-11-27,55,29.34,5.9,-2.3,62,48,0.5
2019-11-28,53,29.26,8.3,-4.1,58,48,1.71
2019-11-29,52,29.54,5,-4.9,57,46,0.32
2019-11-30,54,29.76,3.3,-2.7,62,46,0
2019-12-01,56,29.73,2.6,-0.6,63,48,0
2019-12-02,59,29.74,2.6,2.6,68,49,0
2019-12-03,59,29.67,1.9,2.8,66,52,0
2019-12-04,59,29.6,5.5,2.9,61,56,1.17
2019-12-05,60,29.72,2.3,4.1,66,53,0
2019-12-06,60,29.76,2.9,4.2,68,52,0.13
2019-12-07,62,29.75,2.2,6.4,65,59,0.03
2019-12-08,59,29.68,4.6,3.5,62,56,0.07
2019-12-09,57,29.71,3,1.6,63,50,0.28
2019-12-11,56,29.81,1.8,0.8,65,47,0
2019-12-13,59,29.73,2.5,3.9,68,50,0
2019-12-14,60,29.6,4.3,5,63,57,0
2019-12-15,56,29.65,4.3,1.1,62,49,0
2019-12-16,58,29.83,4.6,3.1,70,46,0
2019-12-17,56,29.81,3.9,1.2,70,41,0
2019-12-18,53,29.7,2.6,-1.8,62,43,0
2019-12-19,52,29.75,3.9,-2.8,62,42,0
2019-12-20,60,29.8,2.3,5.2,75,45,0
2019-12-21,60,29.71,1.6,5.2,71,48,0
2019-12-22,59,29.59,4.5,4.2,65,52,0
2019-12-23,55,29.47,5.7,0.2,57,52,0.84
2019-12-24,55,29.52,3.4,0.2,60,50,0.04
2019-12-25,53,29.57,5.6,-1.8,58,47,0.07
2019-12-26,49,29.44,7.6,-5.8,55,43,1.37
2019-12-27,50,29.59,4.2,-4.8,59,41,0
2019-12-28,51,29.73,4.5,-3.9,59,43,0
2019-12-29,54,29.77,3,-0.9,62,45,0
2019-12-30,55,29.6,2.8,0.1,60,50,0
2019-12-31,60,29.64,3.3,5.1,70,50,0
2020-01-01,56,29.62,4.7,1,64,48,0
2020-01-02,58,29.62,3.8,3,66,49,0
2020-01-03,59,29.86,2.5,3.9,69,49,0
2020-01-04,57,29.93,2.2,1.9,67,47,0
2020-01-05,54,29.88,2.6,-1.2,63,45,0
2020-01-06,65,29.86,3.8,9.8,82,48,0
2020-01-07,61,29.73,2.9,5.8,73,48,0
2020-01-08,53,29.65,5,-2.3,60,46,0
2020-01-09,55,29.62,5.2,-0.3,60,49,0.09
2020-01-10,53,29.83,3.4,-2.3,62,43,0
2020-01-11,52,29.77,4.6,-3.3,60,43,0
2020-01-12,55,29.71,3.5,-0.4,62,47,0
2020-01-13,55,29.73,3.9,-0.4,61,48,0
2020-01-14,54,29.73,2.7,-1.4,60,47,0
2020-01-15,53,29.64,2.6,-2.4,61,44,0
2020-01-16,54,29.7,4.8,-1.5,59,48,0
2020-01-17,55,29.83,3.6,-0.5,60,49,0.32
2020-01-18,55,29.8,2.6,-0.5,67,43,0
2020-01-19,58,29.72,2.5,2.5,71,45,0
2020-01-20,57,29.7,2.9,1.5,63,51,0
2020-01-21,54,29.77,3.2,-1.5,58,50,0.22
2020-01-22,55,29.8,2.5,-0.5,61,48,0
2020-01-23,57,29.72,2.6,1.5,67,47,0
2020-01-24,56,29.64,2.7,0.4,64,47,0
2020-01-25,54,29.69,2.9,-1.6,59,49,0
2020-01-26,57,29.78,2.3,1.4,60,53,0
2020-01-27,57,29.82,2.4,1.4,64,49,0
2020-01-28,58,29.75,3.1,2.4,67,48,0
2020-01-29,61,29.64,4.3,5.4,74,47,0
2020-01-30,63,29.72,3.1,7.4,73,52,0
2020-01-31,64,29.83,3,8.4,79,48,0
2020-02-01,65,29.78,2,9.4,78,51,0
2020-02-02,61,29.57,6.2,5.4,68,53,0
2020-02-03,56,29.51,4.7,0.4,62,50,0
2020-02-04,52,29.73,4.4,-3.6,62,41,0
2020-02-05,48,29.8,3.1,-7.6,59,36,0
2020-02-06,54,29.75,3.4,-1.6,62,45,0
2020-02-07,53,29.7,2.8,-2.7,61,44,0
2020-02-08,56,29.63,3.5,0.3,66,46,0
2020-02-09,54,29.48,7.6,-1.7,57,51,0.2
2020-02-10,54,29.49,3.9,-1.7,59,49,0.09
2020-02-11,58,29.65,5,2.3,69,47,0
2020-02-12,54,29.71,4,-1.7,62,45,0
2020-02-13,54,29.68,2.3,-1.8,64,44,0
2020-02-14,53,29.7,2.9,-2.8,62,44,0
2020-02-15,55,29.78,2.9,-0.8,65,44,0
2020-02-16,55,29.73,2.6,-0.8,64,45,0
2020-02-17,54,29.6,3.1,-1.9,62,46,0
2020-02-18,57,29.62,4.5,1.1,62,51,0
2020-02-19,57,29.68,2.3,1.1,62,52,0
2020-02-20,59,29.69,1.8,3,69,48,0
2020-02-21,62,29.65,4.2,6,72,51,0
2020-02-22,56,29.7,4.6,0,60,52,0.63
2020-02-23,57,29.87,4.4,0.9,62,52,0.02
2020-02-24,57,29.8,3.9,0.9,63,50,0
2020-02-25,64,29.8,3.7,7.9,79,48,0
2020-02-26,69,29.85,8.3,12.8,80,57,0
2020-02-27,67,29.77,3.4,10.8,81,53,0
2020-02-28,71,29.73,4.5,14.8,85,57,0
2020-02-29,59,29.7,6.7,2.7,66,51,0
2020-03-01,55,29.62,8.3,-1.3,59,51,0.02
2020-03-02,56,29.49,6.1,-0.3,63,48,0
2020-03-03,62,29.57,4.6,5.7,76,47,0
2020-03-04,58,29.75,4.7,1.6,64,52,0
2020-03-05,61,29.73,2.6,4.6,70,52,0
2020-03-06,59,29.65,3.4,2.5,64,54,0
2020-03-07,59,29.64,4.7,2.5,62,55,0.04
2020-03-08,58,29.67,4.1,1.5,62,53,0.01
2020-03-09,60,29.68,5.2,3.4,69,50,0.12
2020-03-10,62,29.65,6.4,5.4,68,56,0.64
2020-03-11,63,29.65,4.1,6.4,67,59,0
2020-03-12,58,29.47,3,1.3,61,54,1.52
2020-03-13,57,29.57,5.8,0.3,59,54,0.43
2020-03-14,59,29.75,2.4,2.3,62,55,0
2020-03-15,58,29.76,2.8,1.2,62,54,0.01
2020-03-16,58,29.64,8.5,1.2,63,53,0.37
2020-03-17,54,29.6,3.2,-2.8,59,49,0.02
2020-03-18,52,29.46,4,-4.9,57,47,0.31
2020-03-19,56,29.69,6.3,-0.9,61,50,0.34
2020-03-20,56,29.8,5.6,-1,62,50,0
2020-03-21,58,29.77,4.1,1,63,52,0
2020-03-22,60,29.73,5.8,2.9,68,51,0.68
2020-03-23,58,29.78,5.9,0.9,62,53,0.02
2020-03-24,58,29.79,4.9,0.8,63,53,0
2020-03-25,59,29.69,6.7,1.8,62,55,0
2020-03-26,55,29.66,6.4,-2.3,59,50,0
2020-03-27,53,29.74,5.3,-4.3,60,46,0.01
2020-03-28,54,29.78,4.5,-3.4,61,47,0
2020-03-29,56,29.75,4.8,-1.5,62,49,0
2020-03-30,60,29.81,4.2,2.5,67,52,0
2020-04-01,58,29.51,5.8,0.3,65,51,0
2020-04-02,61,29.6,7.2,3.3,65,56,0
2020-04-03,58,29.59,4.6,0.2,63,52,0
2020-04-04,60,29.55,8.4,2.1,63,56,0
2020-04-05,59,29.54,7.5,1,63,54,0.03
2020-04-06,57,29.59,8.9,-1.1,61,53,1.55
2020-04-07,57,29.65,4.8,-1.2,62,52,0.32
2020-04-08,55,29.66,5.4,-3.3,60,50,0.59
2020-04-09,55,29.73,6.4,-3.4,59,50,0.81
2020-04-10,53,29.61,4.9,-5.5,55,51,2.88
2020-04-11,56,29.63,5.6,-2.6,63,49,0
2020-04-12,58,29.71,5,-0.7,60,55,0.03
2020-04-13,59,29.75,4.5,0.2,63,54,0.06
2020-04-14,60,29.73,4.9,1.1,65,54,0
2020-04-15,63,29.65,2.9,4,74,52,0
2020-04-16,61,29.59,4.1,1.9,68,53,0
2020-04-17,59,29.62,6.9,-0.2,64,54,0
2020-04-18,60,29.7,4.7,0.7,64,56,0.13
2020-04-19,61,29.68,5.4,1.5,64,57,0
2020-04-20,61,29.71,5.7,1.4,64,58,0
2020-04-21,62,29.73,4.4,2.3,65,58,0
2020-04-22,64,29.71,3,4.2,73,55,0
2020-04-23,68,29.57,3.7,8.1,77,58,0
2020-04-24,70,29.54,3,10,79,61,0
2020-04-25,70,29.58,2.8,9.9,79,61,0
2020-04-26,72,29.57,3.1,11.7,84,59,0
2020-04-27,66,29.61,4.1,5.6,71,60,0
2020-04-28,66,29.62,2.9,5.5,70,61,0
2020-04-29,65,29.62,3.9,4.4,68,61,0.01
2020-04-30,66,29.56,3.7,5.3,69,62,0
2020-05-01,66,29.57,3.3,5.2,70,61,0
2020-05-02,66,29.65,4.9,5.1,72,59,0
2020-05-03,65,29.65,5.6,4,69,60,0
2020-05-04,64,29.6,3.5,2.9,71,56,0
2020-05-05,69,29.57,3.5,7.8,77,61,0
2020-05-06,72,29.52,2.7,10.7,82,61,0
2020-05-07,68,29.49,4.3,6.7,75,61,0
2020-05-08,67,29.53,4.8,5.6,72,61,0
2020-05-09,66,29.56,3.4,4.5,69,63,0
2020-05-10,66,29.6,3.9,4.4,69,63,0
2020-05-11,65,29.63,4.9,3.3,68,61,0
2020-05-12,64,29.64,7,2.3,70,57,0.03
2020-05-13,63,29.63,5.1,1.2,68,58,0
2020-05-14,64,29.62,6.2,2.1,70,57,0
2020-05-15,66,29.55,5.9,4,71,60,0
2020-05-16,66,29.5,4.3,4,72,60,0
2020-05-17,67,29.55,4.4,4.9,71,62,0
2020-05-18,67,29.6,5.1,4.8,71,62,0.01
2020-05-19,63,29.65,5.9,0.8,67,58,0
2020-05-20,63,29.65,5.6,0.7,70,56,0
2020-05-21,65,29.55,4,2.6,72,57,0
2020-05-22,64,29.54,8.1,1.6,68,60,0
2020-05-23,64,29.55,6.2,1.5,67,61,0
2020-05-24,64,29.56,3.6,1.4,69,58,0
2020-05-25,67,29.52,3.8,4.4,72,61,0
2020-05-26,67,29.53,3.5,4.3,72,62,0
2020-05-27,68,29.56,4.4,5.2,73,62,0
2020-05-28,67,29.59,4.4,4.1,71,62,0
2020-05-29,65,29.62,4.8,2.1,67,62,0
2020-05-30,66,29.6,5,3,70,62,0
2020-05-31,64,29.55,4.4,0.9,69,59,0
2020-06-01,66,29.54,3.6,2.8,72,59,0
2020-06-02,67,29.57,3.4,3.7,72,61,0
2020-06-03,73,29.52,4.9,9.6,82,63,0
2020-06-04,66,29.49,5.9,2.5,68,63,0
2020-06-05,66,29.49,6.7,2.4,69,62,0.02
2020-06-06,65,29.57,5,1.3,68,61,0.03
2020-06-07,65,29.55,5.5,1.2,70,59,0
2020-06-08,68,29.59,5.2,4.1,79,57,0
2020-06-09,77,29.62,4.2,13,91,63,0
2020-06-10,76,29.57,3.5,11.9,87,64,0
2020-06-11,70,29.62,4.3,5.8,78,62,0
2020-06-12,66,29.66,4.5,1.6,70,62,0
2020-06-13,66,29.57,6.1,1.5,70,61,0
2020-06-14,66,29.54,5.8,1.4,70,61,0
2020-06-15,66,29.58,6.4,1.3,69,62,0
2020-06-16,67,29.57,5.7,2.1,70,63,0
2020-06-17,65,29.59,7.6,0,68,61,0
2020-06-18,65,29.59,5.6,-0.1,68,61,0
2020-06-19,66,29.58,4.4,0.7,69,63,0
2020-06-20,66,29.62,5.4,0.6,69,62,0
2020-06-21,66,29.59,3.4,0.5,68,63,0
2020-06-22,65,29.59,4.6,-0.7,67,63,0
2020-06-23,67,29.55,3.9,1.2,70,63,0
2020-06-24,65,29.49,3.9,-0.9,68,61,0
2020-06-25,65,29.49,2.9,-1.1,68,62,0
2020-06-26,67,29.54,4.3,0.8,71,62,0
2020-06-27,68,29.53,4.9,1.7,71,64,0
2020-06-28,66,29.49,7.2,-0.5,68,63,0
2020-06-29,65,29.52,6.3,-1.6,69,61,0.11
2020-06-30,65,29.56,3.8,-1.7,71,59,0
2020-07-01,67,29.53,5.5,0.2,69,64,0
2020-07-02,68,29.57,4.3,1,72,63,0
2020-07-03,66,29.61,3.9,-1.1,73,59,0
2020-07-04,70,29.61,3.5,2.8,75,64,0
2020-07-05,73,29.53,3.7,5.7,82,63,0
2020-07-06,70,29.51,4,2.6,79,61,0
2020-07-07,70,29.51,5.1,2.5,75,65,0
2020-07-08,68,29.52,5.6,0.4,73,63,0
2020-07-09,67,29.54,4,-0.7,73,61,0
2020-07-10,71,29.6,3.8,3.2,77,64,0
2020-07-11,73,29.61,3.2,5.1,80,65,0
2020-07-12,73,29.52,4.6,5,80,66,0
2020-07-13,72,29.55,6.5,3.9,77,67,0
2020-07-14,70,29.59,4.4,1.8,74,66,0
2020-07-15,70,29.57,4.4,1.7,74,66,0
2020-07-16,71,29.55,4.5,2.6,74,67,0
2020-07-17,71,29.6,4.2,2.6,75,66,0
2020-07-18,69,29.6,4,0.5,74,64,0
2020-07-19,69,29.59,4.8,0.4,73,64,0
2020-07-20,68,29.55,4.4,-0.6,72,63,0
2020-07-21,70,29.51,4.9,1.3,73,66,0
2020-07-22,67,29.52,5.4,-1.8,70,64,0
2020-07-23,67,29.54,4.4,-1.8,70,63,0
2020-07-24,68,29.56,4.9,-0.9,72,64,0
2020-07-25,69,29.57,3.6,0,73,65,0
2020-07-26,68,29.57,4.2,-1,72,64,0
2020-07-27,69,29.54,4.2,-0.1,73,64,0
2020-07-28,67,29.53,3.8,-2.1,71,63,0
2020-07-29,68,29.55,4.5,-1.2,72,64,0
2020-07-30,67,29.56,4.3,-2.2,72,62,0
2020-07-31,71,29.54,4.1,1.7,77,64,0
2020-08-01,71,29.55,4.8,1.7,76,65,0
2020-08-02,69,29.6,4.1,-0.4,75,62,0
2020-08-03,69,29.57,5.4,-0.4,73,64,0
2020-08-04,69,29.59,5.6,-0.5,73,65,0
2020-08-05,68,29.57,7,-1.5,71,65,0
2020-08-06,68,29.55,5.9,-1.6,72,63,0
2020-08-07,67,29.57,3.5,-2.6,72,61,0
2020-08-08,70,29.6,3.2,0.3,75,65,0
2020-08-09,69,29.58,3.5,-0.7,73,64,0
2020-08-10,69,29.57,4.1,-0.8,73,64,0
2020-08-11,68,29.54,3.9,-1.8,73,63,0
2020-08-12,68,29.54,3.8,-1.8,75,60,0
2020-08-13,77,29.52,2.7,7.1,86,68,0
2020-08-14,77,29.5,3.2,7.1,85,68,0
2020-08-15,77,29.47,3.6,7.1,83,70,0
2020-08-16,77,29.53,4.5,7,83,71,0
2020-08-17,75,29.54,4.1,5,81,69,0
2020-08-18,79,29.52,4.3,9,86,71,0
2020-08-19,77,29.47,4.1,7,82,72,0
2020-08-20,78,29.41,4.5,8,84,71,0
2020-08-21,81,29.43,4.6,10.9,90,71,0
2020-08-22,82,29.5,5.8,11.9,88,75,0
2020-08-23,78,29.51,4.4,7.9,83,73,0
2020-08-24,77,29.49,4.5,6.9,81,72,0
2020-08-25,75,29.46,4.4,4.9,78,71,0
2020-08-26,73,29.39,3.6,2.9,77,68,0
2020-08-27,74,29.38,3.4,4,80,67,0
2020-08-28,72,29.46,3.4,2,75,68,0
2020-08-29,70,29.52,4.1,0,74,66,0
2020-08-30,71,29.49,4,1,75,66,0
2020-08-31,70,29.49,5,0.1,74,66,0
2020-09-01,71,29.59,3.5,1.1,75,67,0
2020-09-02,69,29.62,4.1,-0.8,73,64,0
2020-09-03,72,29.55,3.5,2.2,76,67,0
2020-09-04,73,29.52,3.2,3.3,79,67,0
2020-09-05,78,29.49,3.4,8.3,88,68,0
2020-09-06,88,29.47,3.7,18.4,101,75,0
2020-09-07,74,29.39,4.8,4.5,78,70,0
2020-09-08,72,29.34,3.9,2.5,75,69,0
2020-09-09,72,29.47,3.4,2.6,79,65,0
2020-09-10,71,29.6,2.9,1.7,81,61,0
2020-09-11,70,29.58,1.9,0.8,77,62,0
2020-09-12,70,29.52,2.9,0.9,77,62,0
2020-09-13,69,29.54,2.3,0,75,63,0
2020-09-14,70,29.59,2.3,1.1,78,62,0
2020-09-15,71,29.64,2.5,2.2,79,63,0
2020-09-16,74,29.57,,5.3,84,64,0
2020-09-17,76,29.53,1.8,7.4,87,65,0
2020-09-18,77,29.49,2.5,8.5,89,65,0
2020-09-19,73,29.49,3.9,4.6,79,66,0
2020-09-20,69,29.52,4.3,0.8,73,65,0
2020-09-21,69,29.57,3.6,0.9,74,64,0
2020-09-22,70,29.64,2.9,2,75,64,0
2020-09-23,70,29.62,2,2.1,78,62,0
2020-09-24,70,29.54,3.9,2.2,78,61,0
2020-09-25,69,29.57,4.1,1.3,73,65,0
2020-09-26,69,29.55,3.5,1.5,73,64,0
2020-09-27,68,29.52,3.3,0.6,71,65,0
2020-09-28,70,29.56,2.2,2.7,78,61,0
2020-09-29,73,29.57,2.7,5.8,83,63,0
2020-09-30,80,29.54,2.3,12.9,92,67,0
2020-10-01,83,29.53,2.5,16.1,96,70,0
2020-10-02,79,29.49,3,12.2,91,67,0
2020-10-03,75,29.49,2.2,8.3,87,63,0
2020-10-04,76,29.57,1.7,9.4,87,65,0
2020-10-05,74,29.61,2.2,7.5,83,65,0
2020-10-06,71,29.59,2.3,4.6,80,61,0
2020-10-07,69,29.54,4.1,2.7,74,63,0
2020-10-08,69,29.57,5.5,2.9,73,64,0
2020-10-09,69,29.57,3.8,3,73,64,0
2020-10-10,69,29.6,3.1,3.1,72,65,0
2020-10-11,67,29.6,2.6,1.2,73,61,0
2020-10-12,72,29.59,2.6,6.3,82,61,0
2020-10-13,76,29.59,3,10.4,89,63,0
2020-10-14,75,29.59,3.2,9.5,85,64,0
2020-10-15,77,29.56,3.1,11.6,87,66,0
2020-10-16,71,29.54,2.3,5.8,83,59,0
2020-10-17,69,29.57,2.2,3.9,77,60,0
2020-10-18,68,29.62,2.5,3,75,60,0
2020-10-19,69,29.57,3.1,4.1,73,65,0
2020-10-20,68,29.5,3.6,3.3,72,64,0
2020-10-21,67,29.47,4.5,2.4,71,62,0
2020-10-22,68,29.52,4.8,3.5,71,65,0
2020-10-23,69,29.61,4,4.7,72,65,0
2020-10-24,68,29.6,3.7,3.8,70,65,0
2020-10-25,65,29.54,6,1,68,61,0.02
2020-10-26,65,29.62,4.7,1.1,76,53,0
2020-10-27,64,29.67,4.4,0.3,76,51,0
2020-10-28,64,29.67,3.7,0.4,74,53,0
2020-10-29,64,29.63,3.1,0.6,75,53,0
